IECPath,OpcuaNode
P31025$P31025Relay$Obj1CSWI1$Pos$stVal,var1
TG2MV_RTU$TG2MV_RTUTG2MV$AI16GGIO3$AnIn1$mag$i,var2
path_test_1,var3
path_test_2,var4
path_test_3,var5
path_test_4,var6
path_test_5,var7
path_test_6,var8
path_test_7,var9
path_test_8,var10
path_test_9,var11
path_test_10,var12
path_test_11,var13
path_test_12,var14
path_test_13,var15
path_test_14,var16
path_test_15,var17
path_test_16,var18
path_test_17,var19
path_test_18,var20
path_test_19,var21
path_test_20,var22
path_test_21,var23
path_test_22,var24
path_test_23,var25
path_test_24,var26
path_test_25,var27
path_test_26,var28
path_test_27,var29
path_test_28,var30
path_test_29,var31
path_test_30,var32
path_test_31,var33
path_test_32,var34
path_test_33,var35
path_test_34,var36
path_test_35,var37
path_test_36,var38
path_test_37,var39
path_test_38,var40
path_test_39,var41
path_test_40,var42
path_test_41,var43
path_test_42,var44
path_test_43,var45
path_test_44,var46
path_test_45,var47
path_test_46,var48
path_test_47,var49
path_test_48,var50
path_test_49,var51
path_test_50,var52
path_test_51,var53
path_test_52,var54
path_test_53,var55
path_test_54,var56
path_test_55,var57
path_test_56,var58
path_test_57,var59
path_test_58,var60
path_test_59,var61
path_test_60,var62
path_test_61,var63
path_test_62,var64
path_test_63,var65
path_test_64,var66
path_test_65,var67
path_test_66,var68
path_test_67,var69
path_test_68,var70
path_test_69,var71
path_test_70,var72
path_test_71,var73
path_test_72,var74
path_test_73,var75
path_test_74,var76
path_test_75,var77
path_test_76,var78
path_test_77,var79
path_test_78,var80
path_test_79,var81
path_test_80,var82
path_test_81,var83
path_test_82,var84
path_test_83,var85
path_test_84,var86
path_test_85,var87
path_test_86,var88
path_test_87,var89
path_test_88,var90
path_test_89,var91
path_test_90,var92
path_test_91,var93
path_test_92,var94
path_test_93,var95
path_test_94,var96
path_test_95,var97
path_test_96,var98
path_test_97,var99
path_test_98,var100
path_test_99,var101
path_test_100,var102
path_test_101,var103
path_test_102,var104
path_test_103,var105
path_test_104,var106
path_test_105,var107
path_test_106,var108
path_test_107,var109
path_test_108,var110
path_test_109,var111
path_test_110,var112
path_test_111,var113
path_test_112,var114
path_test_113,var115
path_test_114,var116
path_test_115,var117
path_test_116,var118
path_test_117,var119
path_test_118,var120
path_test_119,var121
path_test_120,var122
path_test_121,var123
path_test_122,var124
path_test_123,var125
path_test_124,var126
path_test_125,var127
path_test_126,var128
path_test_127,var129
path_test_128,var130
path_test_129,var131
path_test_130,var132
path_test_131,var133
path_test_132,var134
path_test_133,var135
path_test_134,var136
path_test_135,var137
path_test_136,var138
path_test_137,var139
path_test_138,var140
path_test_139,var141
path_test_140,var142
path_test_141,var143
path_test_142,var144
path_test_143,var145
path_test_144,var146
path_test_145,var147
path_test_146,var148
path_test_147,var149
path_test_148,var150
path_test_149,var151
path_test_150,var152
path_test_151,var153
path_test_152,var154
path_test_153,var155
path_test_154,var156
path_test_155,var157
path_test_156,var158
path_test_157,var159
path_test_158,var160
path_test_159,var161
path_test_160,var162
path_test_161,var163
path_test_162,var164
path_test_163,var165
path_test_164,var166
path_test_165,var167
path_test_166,var168
path_test_167,var169
path_test_168,var170
path_test_169,var171
path_test_170,var172
path_test_171,var173
path_test_172,var174
path_test_173,var175
path_test_174,var176
path_test_175,var177
path_test_176,var178
path_test_177,var179
path_test_178,var180
path_test_179,var181
path_test_180,var182
path_test_181,var183
path_test_182,var184
path_test_183,var185
path_test_184,var186
path_test_185,var187
path_test_186,var188
path_test_187,var189
path_test_188,var190
path_test_189,var191
path_test_190,var192
path_test_191,var193
path_test_192,var194
path_test_193,var195
path_test_194,var196
path_test_195,var197
path_test_196,var198
path_test_197,var199
path_test_198,var200
path_test_199,var201
path_test_200,var202
path_test_201,var203
path_test_202,var204
path_test_203,var205
path_test_204,var206
path_test_205,var207
path_test_206,var208
path_test_207,var209
path_test_208,var210
path_test_209,var211
path_test_210,var212
path_test_211,var213
path_test_212,var214
path_test_213,var215
path_test_214,var216
path_test_215,var217
path_test_216,var218
path_test_217,var219
path_test_218,var220
path_test_219,var221
path_test_220,var222
path_test_221,var223
path_test_222,var224
path_test_223,var225
path_test_224,var226
path_test_225,var227
path_test_226,var228
path_test_227,var229
path_test_228,var230
path_test_229,var231
path_test_230,var232
path_test_231,var233
path_test_232,var234
path_test_233,var235
path_test_234,var236
path_test_235,var237
path_test_236,var238
path_test_237,var239
path_test_238,var240
path_test_239,var241
path_test_240,var242
path_test_241,var243
path_test_242,var244
path_test_243,var245
path_test_244,var246
path_test_245,var247
path_test_246,var248
path_test_247,var249
path_test_248,var250
path_test_249,var251
path_test_250,var252
path_test_251,var253
path_test_252,var254
path_test_253,var255
path_test_254,var256
path_test_255,var257
path_test_256,var258
path_test_257,var259
path_test_258,var260
path_test_259,var261
path_test_260,var262
path_test_261,var263
path_test_262,var264
path_test_263,var265
path_test_264,var266
path_test_265,var267
path_test_266,var268
path_test_267,var269
path_test_268,var270
path_test_269,var271
path_test_270,var272
path_test_271,var273
path_test_272,var274
path_test_273,var275
path_test_274,var276
path_test_275,var277
path_test_276,var278
path_test_277,var279
path_test_278,var280
path_test_279,var281
path_test_280,var282
path_test_281,var283
path_test_282,var284
path_test_283,var285
path_test_284,var286
path_test_285,var287
path_test_286,var288
path_test_287,var289
path_test_288,var290
path_test_289,var291
path_test_290,var292
path_test_291,var293
path_test_292,var294
path_test_293,var295
path_test_294,var296
path_test_295,var297
path_test_296,var298
path_test_297,var299
path_test_298,var300
path_test_299,var301
path_test_300,var302
path_test_301,var303
path_test_302,var304
path_test_303,var305
path_test_304,var306
path_test_305,var307
path_test_306,var308
path_test_307,var309
path_test_308,var310
path_test_309,var311
path_test_310,var312
path_test_311,var313
path_test_312,var314
path_test_313,var315
path_test_314,var316
path_test_315,var317
path_test_316,var318
path_test_317,var319
path_test_318,var320
path_test_319,var321
path_test_320,var322
path_test_321,var323
path_test_322,var324
path_test_323,var325
path_test_324,var326
path_test_325,var327
path_test_326,var328
path_test_327,var329
path_test_328,var330
path_test_329,var331
path_test_330,var332
path_test_331,var333
path_test_332,var334
path_test_333,var335
path_test_334,var336
path_test_335,var337
path_test_336,var338
path_test_337,var339
path_test_338,var340
path_test_339,var341
path_test_340,var342
path_test_341,var343
path_test_342,var344
path_test_343,var345
path_test_344,var346
path_test_345,var347
path_test_346,var348
path_test_347,var349
path_test_348,var350
path_test_349,var351
path_test_350,var352
path_test_351,var353
path_test_352,var354
path_test_353,var355
path_test_354,var356
path_test_355,var357
path_test_356,var358
path_test_357,var359
path_test_358,var360
path_test_359,var361
path_test_360,var362
path_test_361,var363
path_test_362,var364
path_test_363,var365
path_test_364,var366
path_test_365,var367
path_test_366,var368
path_test_367,var369
path_test_368,var370
path_test_369,var371
path_test_370,var372
path_test_371,var373
path_test_372,var374
path_test_373,var375
path_test_374,var376
path_test_375,var377
path_test_376,var378
path_test_377,var379
path_test_378,var380
path_test_379,var381
path_test_380,var382
path_test_381,var383
path_test_382,var384
path_test_383,var385
path_test_384,var386
path_test_385,var387
path_test_386,var388
path_test_387,var389
path_test_388,var390
path_test_389,var391
path_test_390,var392
path_test_391,var393
path_test_392,var394
path_test_393,var395
path_test_394,var396
path_test_395,var397
path_test_396,var398
path_test_397,var399
path_test_398,var400
path_test_399,var401
path_test_400,var402
path_test_401,var403
path_test_402,var404
path_test_403,var405
path_test_404,var406
path_test_405,var407
path_test_406,var408
path_test_407,var409
path_test_408,var410
path_test_409,var411
path_test_410,var412
path_test_411,var413
path_test_412,var414
path_test_413,var415
path_test_414,var416
path_test_415,var417
path_test_416,var418
path_test_417,var419
path_test_418,var420
path_test_419,var421
path_test_420,var422
path_test_421,var423
path_test_422,var424
path_test_423,var425
path_test_424,var426
path_test_425,var427
path_test_426,var428
path_test_427,var429
path_test_428,var430
path_test_429,var431
path_test_430,var432
path_test_431,var433
path_test_432,var434
path_test_433,var435
path_test_434,var436
path_test_435,var437
path_test_436,var438
path_test_437,var439
path_test_438,var440
path_test_439,var441
path_test_440,var442
path_test_441,var443
path_test_442,var444
path_test_443,var445
path_test_444,var446
path_test_445,var447
path_test_446,var448
path_test_447,var449
path_test_448,var450
path_test_449,var451
path_test_450,var452
path_test_451,var453
path_test_452,var454
path_test_453,var455
path_test_454,var456
path_test_455,var457
path_test_456,var458
path_test_457,var459
path_test_458,var460
path_test_459,var461
path_test_460,var462
path_test_461,var463
path_test_462,var464
path_test_463,var465
path_test_464,var466
path_test_465,var467
path_test_466,var468
path_test_467,var469
path_test_468,var470
path_test_469,var471
path_test_470,var472
path_test_471,var473
path_test_472,var474
path_test_473,var475
path_test_474,var476
path_test_475,var477
path_test_476,var478
path_test_477,var479
path_test_478,var480
path_test_479,var481
path_test_480,var482
path_test_481,var483
path_test_482,var484
path_test_483,var485
path_test_484,var486
path_test_485,var487
path_test_486,var488
path_test_487,var489
path_test_488,var490
path_test_489,var491
path_test_490,var492
path_test_491,var493
path_test_492,var494
path_test_493,var495
path_test_494,var496
path_test_495,var497
path_test_496,var498
path_test_497,var499
path_test_498,var500
path_test_499,var501
path_test_500,var502
path_test_501,var503
path_test_502,var504
path_test_503,var505
path_test_504,var506
path_test_505,var507
path_test_506,var508
path_test_507,var509
path_test_508,var510
path_test_509,var511
path_test_510,var512
path_test_511,var513
path_test_512,var514
path_test_513,var515
path_test_514,var516
path_test_515,var517
path_test_516,var518
path_test_517,var519
path_test_518,var520
path_test_519,var521
path_test_520,var522
path_test_521,var523
path_test_522,var524
path_test_523,var525
path_test_524,var526
path_test_525,var527
path_test_526,var528
path_test_527,var529
path_test_528,var530
path_test_529,var531
path_test_530,var532
path_test_531,var533
path_test_532,var534
path_test_533,var535
path_test_534,var536
path_test_535,var537
path_test_536,var538
path_test_537,var539
path_test_538,var540
path_test_539,var541
path_test_540,var542
path_test_541,var543
path_test_542,var544
path_test_543,var545
path_test_544,var546
path_test_545,var547
path_test_546,var548
path_test_547,var549
path_test_548,var550
path_test_549,var551
path_test_550,var552
path_test_551,var553
path_test_552,var554
path_test_553,var555
path_test_554,var556
path_test_555,var557
path_test_556,var558
path_test_557,var559
path_test_558,var560
path_test_559,var561
path_test_560,var562
path_test_561,var563
path_test_562,var564
path_test_563,var565
path_test_564,var566
path_test_565,var567
path_test_566,var568
path_test_567,var569
path_test_568,var570
path_test_569,var571
path_test_570,var572
path_test_571,var573
path_test_572,var574
path_test_573,var575
path_test_574,var576
path_test_575,var577
path_test_576,var578
path_test_577,var579
path_test_578,var580
path_test_579,var581
path_test_580,var582
path_test_581,var583
path_test_582,var584
path_test_583,var585
path_test_584,var586
path_test_585,var587
path_test_586,var588
path_test_587,var589
path_test_588,var590
path_test_589,var591
path_test_590,var592
path_test_591,var593
path_test_592,var594
path_test_593,var595
path_test_594,var596
path_test_595,var597
path_test_596,var598
path_test_597,var599
path_test_598,var600
path_test_599,var601
path_test_600,var602
path_test_601,var603
path_test_602,var604
path_test_603,var605
path_test_604,var606
path_test_605,var607
path_test_606,var608
path_test_607,var609
path_test_608,var610
path_test_609,var611
path_test_610,var612
path_test_611,var613
path_test_612,var614
path_test_613,var615
path_test_614,var616
path_test_615,var617
path_test_616,var618
path_test_617,var619
path_test_618,var620
path_test_619,var621
path_test_620,var622
path_test_621,var623
path_test_622,var624
path_test_623,var625
path_test_624,var626
path_test_625,var627
path_test_626,var628
path_test_627,var629
path_test_628,var630
path_test_629,var631
path_test_630,var632
path_test_631,var633
path_test_632,var634
path_test_633,var635
path_test_634,var636
path_test_635,var637
path_test_636,var638
path_test_637,var639
path_test_638,var640
path_test_639,var641
path_test_640,var642
path_test_641,var643
path_test_642,var644
path_test_643,var645
path_test_644,var646
path_test_645,var647
path_test_646,var648
path_test_647,var649
path_test_648,var650
path_test_649,var651
path_test_650,var652
path_test_651,var653
path_test_652,var654
path_test_653,var655
path_test_654,var656
path_test_655,var657
path_test_656,var658
path_test_657,var659
path_test_658,var660
path_test_659,var661
path_test_660,var662
path_test_661,var663
path_test_662,var664
path_test_663,var665
path_test_664,var666
path_test_665,var667
path_test_666,var668
path_test_667,var669
path_test_668,var670
path_test_669,var671
path_test_670,var672
path_test_671,var673
path_test_672,var674
path_test_673,var675
path_test_674,var676
path_test_675,var677
path_test_676,var678
path_test_677,var679
path_test_678,var680
path_test_679,var681
path_test_680,var682
path_test_681,var683
path_test_682,var684
path_test_683,var685
path_test_684,var686
path_test_685,var687
path_test_686,var688
path_test_687,var689
path_test_688,var690
path_test_689,var691
path_test_690,var692
path_test_691,var693
path_test_692,var694
path_test_693,var695
path_test_694,var696
path_test_695,var697
path_test_696,var698
path_test_697,var699
path_test_698,var700
path_test_699,var701
path_test_700,var702
path_test_701,var703
path_test_702,var704
path_test_703,var705
path_test_704,var706
path_test_705,var707
path_test_706,var708
path_test_707,var709
path_test_708,var710
path_test_709,var711
path_test_710,var712
path_test_711,var713
path_test_712,var714
path_test_713,var715
path_test_714,var716
path_test_715,var717
path_test_716,var718
path_test_717,var719
path_test_718,var720
path_test_719,var721
path_test_720,var722
