IECPath,IEDName,Type,OpcuaNode
P31025$P31025Relay$Obj1CSWI1$Pos$stVal,IED1,DI,var1
TG2MV_RTU$TG2MV_RTUTG2MV$AI16GGIO3$AnIn1$mag$i,IED2,AI,var2
path_test_1,IED3,DO,var3
path_test_2,IED3,DO,var4
path_test_3,,DO,var5
path_test_4,,DI,var6
path_test_5,,DI,var7
path_test_6,,DO,var8
path_test_7,,DO,var9
path_test_8,,DO,var10
path_test_9,,DI,var11
path_test_10,,AI,var12
path_test_11,,AI,var13
path_test_12,,DO,var14
path_test_13,,DO,var15
path_test_14,,AI,var16
path_test_15,,AI,var17
path_test_16,,AI,var18
path_test_17,,AI,var19
path_test_18,,AI,var20
path_test_19,,AI,var21
path_test_20,,AI,var22
path_test_21,,AI,var23
path_test_22,,AI,var24
path_test_23,,AI,var25
path_test_24,,AI,var26
path_test_25,,AI,var27
path_test_26,,AI,var28
path_test_27,,AI,var29
path_test_28,,AI,var30
path_test_29,,DI,var31
path_test_30,,DO,var32
path_test_31,,DO,var33
path_test_32,,DI,var34
path_test_33,,AO,var35
path_test_34,,AO,var36
path_test_35,,AI,var37
path_test_36,,AI,var38
path_test_37,,DI,var39
path_test_38,,AI,var40
path_test_39,,DO,var41
path_test_40,,DO,var42
path_test_41,,DO,var43
path_test_42,,DO,var44
path_test_43,,DO,var45
path_test_44,,DO,var46
path_test_45,,DO,var47
path_test_46,,DI,var48
path_test_47,,DO,var49
path_test_48,,DO,var50
path_test_49,,DI,var51
path_test_50,,DO,var52
path_test_51,,AI,var53
path_test_52,,AI,var54
path_test_53,,AI,var55
path_test_54,,AI,var56
path_test_55,,AI,var57
path_test_56,,AI,var58
path_test_57,,AI,var59
path_test_58,,AI,var60
path_test_59,,AI,var61
path_test_60,,AI,var62
path_test_61,,AI,var63
path_test_62,,AI,var64
path_test_63,,DI,var65
path_test_64,,AI,var66
path_test_65,,AI,var67
path_test_66,,AI,var68
path_test_67,,DO,var69
path_test_68,,AI,var70
path_test_69,,AI,var71
path_test_70,,AI,var72
path_test_71,,AI,var73
path_test_72,,AI,var74
path_test_73,,AI,var75
path_test_74,,AI,var76
path_test_75,,AI,var77
path_test_76,,AI,var78
path_test_77,,AI,var79
path_test_78,,AI,var80
path_test_79,,AI,var81
path_test_80,,AI,var82
path_test_81,,AI,var83
path_test_82,,AI,var84
path_test_83,,AI,var85
path_test_84,,AI,var86
path_test_85,,AI,var87
path_test_86,,AI,var88
path_test_87,,AI,var89
path_test_88,,AI,var90
path_test_89,,AI,var91
path_test_90,,DO,var92
path_test_91,,AI,var93
path_test_92,,DO,var94
path_test_93,,DO,var95
path_test_94,,DO,var96
path_test_95,,DO,var97
path_test_96,,AI,var98
path_test_97,,AI,var99
path_test_98,,AI,var100
path_test_99,,AI,var101
path_test_100,,DO,var102
path_test_101,,AI,var103
path_test_102,,AI,var104
path_test_103,,AI,var105
path_test_104,,AI,var106
path_test_105,,AI,var107
path_test_106,,AI,var108
path_test_107,,AI,var109
path_test_108,,AI,var110
path_test_109,,AI,var111
path_test_110,,AI,var112
path_test_111,,AI,var113
path_test_112,,AI,var114
path_test_113,,AI,var115
path_test_114,,AI,var116
path_test_115,,AI,var117
path_test_116,,AI,var118
path_test_117,,AI,var119
path_test_118,,,var120
path_test_119,,,var121
path_test_120,,,var122
path_test_121,,,var123
path_test_122,,,var124
path_test_123,,,var125
path_test_124,,,var126
path_test_125,,,var127
path_test_126,,,var128
path_test_127,,,var129
path_test_128,,,var130
path_test_129,,,var131
path_test_130,,,var132
path_test_131,,,var133
path_test_132,,,var134
path_test_133,,,var135
path_test_134,,,var136
path_test_135,,,var137
path_test_136,,,var138
path_test_137,,,var139
path_test_138,,,var140
path_test_139,,,var141
path_test_140,,,var142
path_test_141,,,var143
path_test_142,,,var144
path_test_143,,,var145
path_test_144,,,var146
path_test_145,,,var147
path_test_146,,,var148
path_test_147,,,var149
path_test_148,,,var150
path_test_149,,,var151
path_test_150,,AI,var152
path_test_151,,AI,var153
path_test_152,,AI,var154
path_test_153,,AI,var155
path_test_154,,AI,var156
path_test_155,,AI,var157
path_test_156,,AI,var158
path_test_157,,AI,var159
path_test_158,,AI,var160
path_test_159,,AI,var161
path_test_160,,AI,var162
path_test_161,,AI,var163
path_test_162,,AI,var164
path_test_163,,,var165
path_test_164,,,var166
path_test_165,,,var167
path_test_166,,,var168
path_test_167,,,var169
path_test_168,,,var170
path_test_169,,,var171
path_test_170,,,var172
path_test_171,,,var173
path_test_172,,,var174
path_test_173,,,var175
path_test_174,,,var176
path_test_175,,,var177
path_test_176,,,var178
path_test_177,,,var179
path_test_178,,,var180
path_test_179,,,var181
path_test_180,,,var182
path_test_181,,,var183
path_test_182,,,var184
path_test_183,,,var185
path_test_184,,,var186
path_test_185,,,var187
path_test_186,,,var188
path_test_187,,,var189
path_test_188,,,var190
path_test_189,,,var191
path_test_190,,,var192
path_test_191,,,var193
path_test_192,,,var194
path_test_193,,,var195
path_test_194,,,var196
path_test_195,,,var197
path_test_196,,,var198
path_test_197,,,var199
path_test_198,,,var200
path_test_199,,,var201
path_test_200,,,var202
path_test_201,,,var203
path_test_202,,,var204
path_test_203,,,var205
path_test_204,,,var206
path_test_205,,,var207
path_test_206,,,var208
path_test_207,,,var209
path_test_208,,,var210
path_test_209,,,var211
path_test_210,,,var212
path_test_211,,,var213
path_test_212,,,var214
path_test_213,,,var215
path_test_214,,,var216
path_test_215,,,var217
path_test_216,,,var218
path_test_217,,,var219
path_test_218,,,var220
path_test_219,,,var221
path_test_220,,,var222
path_test_221,,,var223
path_test_222,,,var224
path_test_223,,,var225
path_test_224,,,var226
path_test_225,,,var227
path_test_226,,,var228
path_test_227,,,var229
path_test_228,,,var230
path_test_229,,,var231
path_test_230,,,var232
path_test_231,,,var233
path_test_232,,,var234
path_test_233,,,var235
path_test_234,,,var236
path_test_235,,,var237
path_test_236,,,var238
path_test_237,,,var239
path_test_238,,,var240
path_test_239,,,var241
path_test_240,,,var242
path_test_241,,,var243
path_test_242,,,var244
path_test_243,,,var245
path_test_244,,,var246
path_test_245,,,var247
path_test_246,,,var248
path_test_247,,,var249
path_test_248,,,var250
path_test_249,,,var251
path_test_250,,,var252
path_test_251,,,var253
path_test_252,,,var254
path_test_253,,,var255
path_test_254,,,var256
path_test_255,,,var257
path_test_256,,,var258
path_test_257,,,var259
path_test_258,,,var260
path_test_259,,,var261
path_test_260,,,var262
path_test_261,,,var263
path_test_262,,,var264
path_test_263,,,var265
path_test_264,,,var266
path_test_265,,,var267
path_test_266,,,var268
path_test_267,,,var269
path_test_268,,,var270
path_test_269,,,var271
path_test_270,,,var272
path_test_271,,,var273
path_test_272,,,var274
path_test_273,,,var275
path_test_274,,,var276
path_test_275,,,var277
path_test_276,,,var278
path_test_277,,,var279
path_test_278,,,var280
path_test_279,,,var281
path_test_280,,,var282
path_test_281,,,var283
path_test_282,,,var284
path_test_283,,,var285
path_test_284,,,var286
path_test_285,,,var287
path_test_286,,,var288
path_test_287,,,var289
path_test_288,,,var290
path_test_289,,,var291
path_test_290,,,var292
path_test_291,,,var293
path_test_292,,,var294
path_test_293,,,var295
path_test_294,,,var296
path_test_295,,,var297
path_test_296,,,var298
path_test_297,,,var299
path_test_298,,,var300
path_test_299,,,var301
path_test_300,,,var302
path_test_301,,,var303
path_test_302,,,var304
path_test_303,,,var305
path_test_304,,,var306
path_test_305,,,var307
path_test_306,,,var308
path_test_307,,,var309
path_test_308,,,var310
path_test_309,,,var311
path_test_310,,,var312
path_test_311,,,var313
path_test_312,,,var314
path_test_313,,,var315
path_test_314,,,var316
path_test_315,,,var317
path_test_316,,,var318
path_test_317,,,var319
path_test_318,,,var320
path_test_319,,,var321
path_test_320,,,var322
path_test_321,,,var323
path_test_322,,,var324
path_test_323,,,var325
path_test_324,,,var326
path_test_325,,,var327
path_test_326,,,var328
path_test_327,,,var329
path_test_328,,,var330
path_test_329,,,var331
path_test_330,,,var332
path_test_331,,,var333
path_test_332,,,var334
path_test_333,,,var335
path_test_334,,,var336
path_test_335,,,var337
path_test_336,,,var338
path_test_337,,,var339
path_test_338,,,var340
path_test_339,,,var341
path_test_340,,,var342
path_test_341,,,var343
path_test_342,,,var344
path_test_343,,,var345
path_test_344,,,var346
path_test_345,,,var347
path_test_346,,,var348
path_test_347,,,var349
path_test_348,,,var350
path_test_349,,,var351
path_test_350,,,var352
path_test_351,,,var353
path_test_352,,,var354
path_test_353,,,var355
path_test_354,,,var356
path_test_355,,,var357
path_test_356,,,var358
path_test_357,,,var359
path_test_358,,,var360
path_test_359,,,var361
path_test_360,,,var362
path_test_361,,,var363
path_test_362,,,var364
path_test_363,,,var365
path_test_364,,,var366
path_test_365,,,var367
path_test_366,,,var368
path_test_367,,,var369
path_test_368,,,var370
path_test_369,,,var371
path_test_370,,,var372
path_test_371,,,var373
path_test_372,,,var374
path_test_373,,,var375
path_test_374,,,var376
path_test_375,,,var377
path_test_376,,,var378
path_test_377,,,var379
path_test_378,,,var380
path_test_379,,,var381
path_test_380,,,var382
path_test_381,,,var383
path_test_382,,,var384
path_test_383,,,var385
path_test_384,,,var386
path_test_385,,,var387
path_test_386,,,var388
path_test_387,,,var389
path_test_388,,,var390
path_test_389,,,var391
path_test_390,,,var392
path_test_391,,,var393
path_test_392,,,var394
path_test_393,,,var395
path_test_394,,,var396
path_test_395,,,var397
path_test_396,,,var398
path_test_397,,,var399
path_test_398,,,var400
path_test_399,,,var401
path_test_400,,,var402
path_test_401,,,var403
path_test_402,,,var404
path_test_403,,,var405
path_test_404,,,var406
path_test_405,,,var407
path_test_406,,,var408
path_test_407,,,var409
path_test_408,,,var410
path_test_409,,,var411
path_test_410,,,var412
path_test_411,,,var413
path_test_412,,,var414
path_test_413,,,var415
path_test_414,,,var416
path_test_415,,,var417
path_test_416,,,var418
path_test_417,,,var419
path_test_418,,,var420
path_test_419,,,var421
path_test_420,,,var422
path_test_421,,,var423
path_test_422,,,var424
path_test_423,,,var425
path_test_424,,,var426
path_test_425,,,var427
path_test_426,,,var428
path_test_427,,,var429
path_test_428,,,var430
path_test_429,,,var431
path_test_430,,,var432
path_test_431,,,var433
path_test_432,,,var434
path_test_433,,,var435
path_test_434,,,var436
path_test_435,,,var437
path_test_436,,,var438
path_test_437,,,var439
path_test_438,,,var440
path_test_439,,,var441
path_test_440,,,var442
path_test_441,,,var443
path_test_442,,,var444
path_test_443,,,var445
path_test_444,,,var446
path_test_445,,,var447
path_test_446,,,var448
path_test_447,,,var449
path_test_448,,,var450
path_test_449,,,var451
path_test_450,,,var452
path_test_451,,,var453
path_test_452,,,var454
path_test_453,,,var455
path_test_454,,,var456
path_test_455,,,var457
path_test_456,,,var458
path_test_457,,,var459
path_test_458,,,var460
path_test_459,,,var461
path_test_460,,,var462
path_test_461,,,var463
path_test_462,,,var464
path_test_463,,,var465
path_test_464,,,var466
path_test_465,,,var467
path_test_466,,,var468
path_test_467,,,var469
path_test_468,,,var470
path_test_469,,,var471
path_test_470,,,var472
path_test_471,,,var473
path_test_472,,,var474
path_test_473,,,var475
path_test_474,,,var476
path_test_475,,,var477
path_test_476,,,var478
path_test_477,,,var479
path_test_478,,,var480
path_test_479,,,var481
path_test_480,,,var482
path_test_481,,,var483
path_test_482,,,var484
path_test_483,,,var485
path_test_484,,,var486
path_test_485,,,var487
path_test_486,,,var488
path_test_487,,,var489
path_test_488,,,var490
path_test_489,,,var491
path_test_490,,,var492
path_test_491,,,var493
path_test_492,,,var494
path_test_493,,,var495
path_test_494,,,var496
path_test_495,,,var497
path_test_496,,,var498
path_test_497,,,var499
path_test_498,,,var500
path_test_499,,,var501
path_test_500,,,var502
path_test_501,,,var503
path_test_502,,,var504
path_test_503,,,var505
path_test_504,,,var506
path_test_505,,,var507
path_test_506,,,var508
path_test_507,,,var509
path_test_508,,,var510
path_test_509,,,var511
path_test_510,,,var512
path_test_511,,,var513
path_test_512,,,var514
path_test_513,,,var515
path_test_514,,,var516
path_test_515,,,var517
path_test_516,,,var518
path_test_517,,,var519
path_test_518,,,var520
path_test_519,,,var521
path_test_520,,,var522
path_test_521,,,var523
path_test_522,,,var524
path_test_523,,,var525
path_test_524,,,var526
path_test_525,,,var527
path_test_526,,,var528
path_test_527,,,var529
path_test_528,,,var530
path_test_529,,,var531
path_test_530,,,var532
path_test_531,,,var533
path_test_532,,,var534
path_test_533,,,var535
path_test_534,,,var536
path_test_535,,,var537
path_test_536,,,var538
path_test_537,,,var539
path_test_538,,,var540
path_test_539,,,var541
path_test_540,,,var542
path_test_541,,,var543
path_test_542,,,var544
path_test_543,,,var545
path_test_544,,,var546
path_test_545,,,var547
path_test_546,,,var548
path_test_547,,,var549
path_test_548,,,var550
path_test_549,,,var551
path_test_550,,,var552
path_test_551,,,var553
path_test_552,,,var554
path_test_553,,,var555
path_test_554,,,var556
path_test_555,,,var557
path_test_556,,,var558
path_test_557,,,var559
path_test_558,,,var560
path_test_559,,,var561
path_test_560,,,var562
path_test_561,,,var563
path_test_562,,,var564
path_test_563,,,var565
path_test_564,,,var566
path_test_565,,,var567
path_test_566,,,var568
path_test_567,,,var569
path_test_568,,,var570
path_test_569,,,var571
path_test_570,,,var572
path_test_571,,,var573
path_test_572,,,var574
path_test_573,,,var575
path_test_574,,,var576
path_test_575,,,var577
path_test_576,,,var578
path_test_577,,,var579
path_test_578,,,var580
path_test_579,,,var581
path_test_580,,,var582
path_test_581,,,var583
path_test_582,,,var584
path_test_583,,,var585
path_test_584,,,var586
path_test_585,,,var587
path_test_586,,,var588
path_test_587,,,var589
path_test_588,,,var590
path_test_589,,,var591
path_test_590,,,var592
path_test_591,,,var593
path_test_592,,,var594
path_test_593,,,var595
path_test_594,,,var596
path_test_595,,,var597
path_test_596,,,var598
path_test_597,,,var599
path_test_598,,,var600
path_test_599,,,var601
path_test_600,,,var602
path_test_601,,,var603
path_test_602,,,var604
path_test_603,,,var605
path_test_604,,,var606
path_test_605,,,var607
path_test_606,,,var608
path_test_607,,,var609
path_test_608,,,var610
path_test_609,,,var611
path_test_610,,,var612
path_test_611,,,var613
path_test_612,,,var614
path_test_613,,,var615
path_test_614,,,var616
path_test_615,,,var617
path_test_616,,,var618
path_test_617,,,var619
path_test_618,,,var620
path_test_619,,,var621
path_test_620,,,var622
path_test_621,,,var623
path_test_622,,,var624
path_test_623,,,var625
path_test_624,,,var626
path_test_625,,,var627
path_test_626,,,var628
path_test_627,,,var629
path_test_628,,,var630
path_test_629,,,var631
path_test_630,,,var632
path_test_631,,,var633
path_test_632,,,var634
path_test_633,,,var635
path_test_634,,,var636
path_test_635,,,var637
path_test_636,,,var638
path_test_637,,,var639
path_test_638,,,var640
path_test_639,,,var641
path_test_640,,,var642
path_test_641,,,var643
path_test_642,,,var644
path_test_643,,,var645
path_test_644,,,var646
path_test_645,,,var647
path_test_646,,,var648
path_test_647,,,var649
path_test_648,,,var650
path_test_649,,,var651
path_test_650,,,var652
path_test_651,,,var653
path_test_652,,,var654
path_test_653,,,var655
path_test_654,,,var656
path_test_655,,,var657
path_test_656,,,var658
path_test_657,,,var659
path_test_658,,,var660
path_test_659,,,var661
path_test_660,,,var662
path_test_661,,,var663
path_test_662,,,var664
path_test_663,,,var665
path_test_664,,,var666
path_test_665,,,var667
path_test_666,,,var668
path_test_667,,,var669
path_test_668,,,var670
path_test_669,,,var671
path_test_670,,,var672
path_test_671,,,var673
path_test_672,,,var674
path_test_673,,,var675
path_test_674,,,var676
path_test_675,,,var677
path_test_676,,,var678
path_test_677,,,var679
path_test_678,,,var680
path_test_679,,,var681
path_test_680,,,var682
path_test_681,,,var683
path_test_682,,,var684
path_test_683,,,var685
path_test_684,,,var686
path_test_685,,,var687
path_test_686,,,var688
path_test_687,,,var689
path_test_688,,,var690
path_test_689,,,var691
path_test_690,,,var692
path_test_691,,,var693
path_test_692,,,var694
path_test_693,,,var695
path_test_694,,,var696
path_test_695,,,var697
path_test_696,,,var698
path_test_697,,,var699
path_test_698,,,var700
path_test_699,,,var701
path_test_700,,,var702
path_test_701,,,var703
path_test_702,,,var704
path_test_703,,,var705
path_test_704,,,var706
path_test_705,,,var707
path_test_706,,,var708
path_test_707,,,var709
path_test_708,,,var710
path_test_709,,,var711
path_test_710,,,var712
path_test_711,,,var713
path_test_712,,,var714
path_test_713,,,var715
path_test_714,,,var716
path_test_715,,,var717
path_test_716,,,var718
path_test_717,,,var719
path_test_718,,,var720
path_test_719,,,var721
path_test_720,,,var722
path_test_721,,,var723
path_test_722,,,var724
path_test_723,,,var725
path_test_724,,,var726
path_test_725,,,var727
path_test_726,,,var728
path_test_727,,,var729
path_test_728,,,var730
path_test_729,,,var731
path_test_730,,,var732
path_test_731,,,var733
path_test_732,,,var734
path_test_733,,,var735
path_test_734,,,var736
path_test_735,,,var737
path_test_736,,,var738
path_test_737,,,var739
path_test_738,,,var740
path_test_739,,,var741
path_test_740,,,var742
path_test_741,,,var743
path_test_742,,,var744
path_test_743,,,var745
path_test_744,,,var746
path_test_745,,,var747
path_test_746,,,var748
path_test_747,,,var749
path_test_748,,,var750
path_test_749,,,var751
path_test_750,,,var752
path_test_751,,,var753
path_test_752,,,var754
path_test_753,,,var755
path_test_754,,,var756
path_test_755,,,var757
path_test_756,,,var758
path_test_757,,,var759
path_test_758,,,var760
path_test_759,,,var761
path_test_760,,,var762
path_test_761,,,var763
path_test_762,,,var764
path_test_763,,,var765
path_test_764,,,var766
path_test_765,,,var767
path_test_766,,,var768
path_test_767,,,var769
path_test_768,,,var770
path_test_769,,,var771
path_test_770,,,var772
path_test_771,,,var773
path_test_772,,,var774
path_test_773,,,var775
path_test_774,,,var776
path_test_775,,,var777
path_test_776,,,var778
path_test_777,,,var779
path_test_778,,,var780
path_test_779,,,var781
path_test_780,,,var782
path_test_781,,,var783
path_test_782,,,var784
path_test_783,,,var785
path_test_784,,,var786
path_test_785,,,var787
path_test_786,,,var788
path_test_787,,,var789
path_test_788,,,var790
path_test_789,,,var791
path_test_790,,,var792
path_test_791,,,var793
path_test_792,,,var794
path_test_793,,,var795
path_test_794,,,var796
path_test_795,,,var797
path_test_796,,,var798
path_test_797,,,var799
path_test_798,,,var800
path_test_799,,,var801
path_test_800,,,var802
path_test_801,,,var803
path_test_802,,,var804
path_test_803,,,var805
path_test_804,,,var806
path_test_805,,,var807
path_test_806,,,var808
path_test_807,,,var809
path_test_808,,,var810
path_test_809,,,var811
path_test_810,,,var812
path_test_811,,,var813
path_test_812,,,var814
path_test_813,,,var815
path_test_814,,,var816
path_test_815,,,var817
path_test_816,,,var818
path_test_817,,,var819
path_test_818,,,var820
path_test_819,,,var821
path_test_820,,,var822
path_test_821,,,var823
path_test_822,,,var824
path_test_823,,,var825
path_test_824,,,var826
path_test_825,,,var827
path_test_826,,,var828
path_test_827,,,var829
path_test_828,,,var830
path_test_829,,,var831
path_test_830,,,var832
path_test_831,,,var833
path_test_832,,,var834
path_test_833,,,var835
path_test_834,,,var836
path_test_835,,,var837
path_test_836,,,var838
path_test_837,,,var839
path_test_838,,,var840
path_test_839,,,var841
path_test_840,,,var842
path_test_841,,,var843
path_test_842,,,var844
path_test_843,,,var845
path_test_844,,,var846
path_test_845,,,var847
path_test_846,,,var848
path_test_847,,,var849
path_test_848,,,var850
path_test_849,,,var851
path_test_850,,,var852
path_test_851,,,var853
path_test_852,,,var854
path_test_853,,,var855
path_test_854,,,var856
path_test_855,,,var857
path_test_856,,,var858
path_test_857,,,var859
path_test_858,,,var860
path_test_859,,,var861
path_test_860,,,var862
path_test_861,,,var863
path_test_862,,,var864
path_test_863,,,var865
path_test_864,,,var866
path_test_865,,,var867
path_test_866,,,var868
path_test_867,,,var869
path_test_868,,,var870
path_test_869,,,var871
path_test_870,,,var872
path_test_871,,,var873
path_test_872,,,var874
path_test_873,,,var875
path_test_874,,,var876
path_test_875,,,var877
path_test_876,,,var878
path_test_877,,,var879
path_test_878,,,var880
path_test_879,,,var881
path_test_880,,,var882
path_test_881,,,var883
path_test_882,,,var884
path_test_883,,,var885
path_test_884,,,var886
path_test_885,,,var887
path_test_886,,,var888
path_test_887,,,var889
path_test_888,,,var890
path_test_889,,,var891
path_test_890,,,var892
path_test_891,,,var893
path_test_892,,,var894
path_test_893,,,var895
path_test_894,,,var896
path_test_895,,,var897
path_test_896,,,var898
path_test_897,,,var899
path_test_898,,,var900
path_test_899,,,var901
path_test_900,,,var902
path_test_901,,,var903
path_test_902,,,var904
path_test_903,,,var905
path_test_904,,,var906
path_test_905,,,var907
path_test_906,,,var908
path_test_907,,,var909
path_test_908,,,var910
path_test_909,,,var911
path_test_910,,,var912
path_test_911,,,var913
path_test_912,,,var914
path_test_913,,,var915
path_test_914,,,var916
path_test_915,,,var917
path_test_916,,,var918
path_test_917,,,var919
path_test_918,,,var920
path_test_919,,,var921
path_test_920,,,var922
path_test_921,,,var923
path_test_922,,,var924
path_test_923,,,var925
path_test_924,,,var926
path_test_925,,,var927
path_test_926,,,var928
path_test_927,,,var929
path_test_928,,,var930
path_test_929,,,var931
path_test_930,,,var932
path_test_931,,,var933
path_test_932,,,var934
path_test_933,,,var935
path_test_934,,,var936
path_test_935,,,var937
path_test_936,,,var938
path_test_937,,,var939
path_test_938,,,var940
path_test_939,,,var941
path_test_940,,,var942
path_test_941,,,var943
path_test_942,,,var944
path_test_943,,,var945
path_test_944,,,var946
path_test_945,,,var947
path_test_946,,,var948
path_test_947,,,var949
path_test_948,,,var950
path_test_949,,,var951
path_test_950,,,var952
path_test_951,,,var953
path_test_952,,,var954
path_test_953,,,var955
path_test_954,,,var956
path_test_955,,,var957
path_test_956,,,var958
path_test_957,,,var959
path_test_958,,,var960
path_test_959,,,var961
path_test_960,,,var962
path_test_961,,,var963
path_test_962,,,var964
path_test_963,,,var965
path_test_964,,,var966
path_test_965,,,var967
path_test_966,,,var968
path_test_967,,,var969
path_test_968,,,var970
path_test_969,,,var971
path_test_970,,,var972
path_test_971,,,var973
path_test_972,,,var974
path_test_973,,,var975
path_test_974,,,var976
path_test_975,,,var977
path_test_976,,,var978
path_test_977,,,var979
path_test_978,,,var980
path_test_979,,,var981
path_test_980,,,var982
path_test_981,,,var983
path_test_982,,,var984
path_test_983,,,var985
path_test_984,,,var986
path_test_985,,,var987
path_test_986,,,var988
path_test_987,,,var989
path_test_988,,,var990
path_test_989,,,var991
path_test_990,,,var992
path_test_991,,,var993
path_test_992,,,var994
path_test_993,,,var995
path_test_994,,,var996
path_test_995,,,var997
path_test_996,,,var998
path_test_997,,,var999
path_test_998,,,var1000
path_test_999,,,var1001
path_test_1000,,,var1002
path_test_1001,,,var1003
path_test_1002,,,var1004
path_test_1003,,,var1005
path_test_1004,,,var1006
path_test_1005,,,var1007
path_test_1006,,,var1008
path_test_1007,,,var1009
path_test_1008,,,var1010
path_test_1009,,,var1011
path_test_1010,,,var1012
path_test_1011,,,var1013
path_test_1012,,,var1014
path_test_1013,,,var1015
path_test_1014,,,var1016
path_test_1015,,,var1017
path_test_1016,,,var1018
path_test_1017,,,var1019
path_test_1018,,,var1020
path_test_1019,,,var1021
path_test_1020,,,var1022
path_test_1021,,,var1023
path_test_1022,,,var1024
path_test_1023,,,var1025
path_test_1024,,,var1026
path_test_1025,,,var1027
path_test_1026,,,var1028
path_test_1027,,,var1029
path_test_1028,,,var1030
path_test_1029,,,var1031
path_test_1030,,,var1032
path_test_1031,,,var1033
path_test_1032,,,var1034
path_test_1033,,,var1035
path_test_1034,,,var1036
path_test_1035,,,var1037
path_test_1036,,,var1038
path_test_1037,,,var1039
path_test_1038,,,var1040
path_test_1039,,,var1041
path_test_1040,,,var1042
path_test_1041,,,var1043
path_test_1042,,,var1044
path_test_1043,,,var1045
path_test_1044,,,var1046
path_test_1045,,,var1047
path_test_1046,,,var1048
path_test_1047,,,var1049
path_test_1048,,,var1050
path_test_1049,,,var1051
path_test_1050,,,var1052
path_test_1051,,,var1053
path_test_1052,,,var1054
path_test_1053,,,var1055
path_test_1054,,,var1056
path_test_1055,,,var1057
path_test_1056,,,var1058
path_test_1057,,,var1059
path_test_1058,,,var1060
path_test_1059,,,var1061
path_test_1060,,,var1062
path_test_1061,,,var1063
path_test_1062,,,var1064
path_test_1063,,,var1065
path_test_1064,,,var1066
path_test_1065,,,var1067
path_test_1066,,,var1068
path_test_1067,,,var1069
path_test_1068,,,var1070
path_test_1069,,,var1071
path_test_1070,,,var1072
path_test_1071,,,var1073
path_test_1072,,,var1074
path_test_1073,,,var1075
path_test_1074,,,var1076
path_test_1075,,,var1077
path_test_1076,,,var1078
path_test_1077,,,var1079
path_test_1078,,,var1080
path_test_1079,,,var1081
path_test_1080,,,var1082
path_test_1081,,,var1083
path_test_1082,,,var1084
path_test_1083,,,var1085
path_test_1084,,,var1086
path_test_1085,,,var1087
path_test_1086,,,var1088
path_test_1087,,,var1089
path_test_1088,,,var1090
path_test_1089,,,var1091
path_test_1090,,,var1092
path_test_1091,,,var1093
path_test_1092,,,var1094
path_test_1093,,,var1095
path_test_1094,,,var1096
path_test_1095,,,var1097
path_test_1096,,,var1098
path_test_1097,,,var1099
path_test_1098,,,var1100
path_test_1099,,,var1101
path_test_1100,,,var1102
path_test_1101,,,var1103
path_test_1102,,,var1104
path_test_1103,,,var1105
path_test_1104,,,var1106
path_test_1105,,,var1107
path_test_1106,,,var1108
path_test_1107,,,var1109
path_test_1108,,,var1110
path_test_1109,,,var1111
path_test_1110,,,var1112
path_test_1111,,,var1113
path_test_1112,,,var1114
path_test_1113,,,var1115
path_test_1114,,,var1116
path_test_1115,,,var1117
path_test_1116,,,var1118
path_test_1117,,,var1119
path_test_1118,,,var1120
path_test_1119,,,var1121
path_test_1120,,,var1122
path_test_1121,,,var1123
path_test_1122,,,var1124
path_test_1123,,,var1125
path_test_1124,,,var1126
path_test_1125,,,var1127
path_test_1126,,,var1128
path_test_1127,,,var1129
path_test_1128,,,var1130
path_test_1129,,,var1131
path_test_1130,,,var1132
path_test_1131,,,var1133
path_test_1132,,,var1134
path_test_1133,,,var1135
path_test_1134,,,var1136
path_test_1135,,,var1137
path_test_1136,,,var1138
path_test_1137,,,var1139
path_test_1138,,,var1140
path_test_1139,,,var1141
path_test_1140,,,var1142
path_test_1141,,,var1143
path_test_1142,,,var1144
path_test_1143,,,var1145
path_test_1144,,,var1146
path_test_1145,,,var1147
path_test_1146,,,var1148
path_test_1147,,,var1149
path_test_1148,,,var1150
path_test_1149,,,var1151
path_test_1150,,,var1152
path_test_1151,,,var1153
path_test_1152,,,var1154
path_test_1153,,,var1155
path_test_1154,,,var1156
path_test_1155,,,var1157
path_test_1156,,,var1158
path_test_1157,,,var1159
path_test_1158,,,var1160
path_test_1159,,,var1161
path_test_1160,,,var1162
path_test_1161,,,var1163
path_test_1162,,,var1164
path_test_1163,,,var1165
path_test_1164,,,var1166
path_test_1165,,,var1167
path_test_1166,,,var1168
path_test_1167,,,var1169
path_test_1168,,,var1170
path_test_1169,,,var1171
path_test_1170,,,var1172
path_test_1171,,,var1173
path_test_1172,,,var1174
path_test_1173,,,var1175
path_test_1174,,,var1176
path_test_1175,,,var1177
path_test_1176,,,var1178
path_test_1177,,,var1179
path_test_1178,,,var1180
path_test_1179,,,var1181
path_test_1180,,,var1182
path_test_1181,,,var1183
path_test_1182,,,var1184
path_test_1183,,,var1185
path_test_1184,,,var1186
path_test_1185,,,var1187
path_test_1186,,,var1188
path_test_1187,,,var1189
path_test_1188,,,var1190
path_test_1189,,,var1191
path_test_1190,,,var1192
path_test_1191,,,var1193
path_test_1192,,,var1194
path_test_1193,,,var1195
path_test_1194,,,var1196
path_test_1195,,,var1197
path_test_1196,,,var1198
path_test_1197,,,var1199
path_test_1198,,,var1200
path_test_1199,,,var1201
path_test_1200,,,var1202
path_test_1201,,,var1203
path_test_1202,,,var1204
path_test_1203,,,var1205
path_test_1204,,,var1206
path_test_1205,,,var1207
path_test_1206,,,var1208
path_test_1207,,,var1209
path_test_1208,,,var1210
path_test_1209,,,var1211
path_test_1210,,,var1212
path_test_1211,,,var1213
path_test_1212,,,var1214
path_test_1213,,,var1215
path_test_1214,,,var1216
path_test_1215,,,var1217
path_test_1216,,,var1218
path_test_1217,,,var1219
path_test_1218,,,var1220
path_test_1219,,,var1221
path_test_1220,,,var1222
path_test_1221,,,var1223
path_test_1222,,,var1224
path_test_1223,,,var1225
path_test_1224,,,var1226
path_test_1225,,,var1227
path_test_1226,,,var1228
path_test_1227,,,var1229
path_test_1228,,,var1230
path_test_1229,,,var1231
path_test_1230,,,var1232
path_test_1231,,,var1233
path_test_1232,,,var1234
path_test_1233,,,var1235
path_test_1234,,,var1236
path_test_1235,,,var1237
path_test_1236,,,var1238
path_test_1237,,,var1239
path_test_1238,,,var1240
path_test_1239,,,var1241
path_test_1240,,,var1242
path_test_1241,,,var1243
path_test_1242,,,var1244
path_test_1243,,,var1245
path_test_1244,,,var1246
path_test_1245,,,var1247
path_test_1246,,,var1248
path_test_1247,,,var1249
path_test_1248,,,var1250
path_test_1249,,,var1251
path_test_1250,,,var1252
path_test_1251,,,var1253
path_test_1252,,,var1254
path_test_1253,,,var1255
path_test_1254,,,var1256
path_test_1255,,,var1257
path_test_1256,,,var1258
path_test_1257,,,var1259
path_test_1258,,,var1260
path_test_1259,,,var1261
path_test_1260,,,var1262
path_test_1261,,,var1263
path_test_1262,,,var1264
path_test_1263,,,var1265
path_test_1264,,,var1266
path_test_1265,,,var1267
path_test_1266,,,var1268
path_test_1267,,,var1269
path_test_1268,,,var1270
path_test_1269,,,var1271
path_test_1270,,,var1272
path_test_1271,,,var1273
path_test_1272,,,var1274
path_test_1273,,,var1275
path_test_1274,,,var1276
path_test_1275,,,var1277
path_test_1276,,,var1278
path_test_1277,,,var1279
path_test_1278,,,var1280
path_test_1279,,,var1281
path_test_1280,,,var1282
path_test_1281,,,var1283
path_test_1282,,,var1284
path_test_1283,,,var1285
path_test_1284,,,var1286
path_test_1285,,,var1287
path_test_1286,,,var1288
path_test_1287,,,var1289
path_test_1288,,,var1290
path_test_1289,,,var1291
path_test_1290,,,var1292
path_test_1291,,,var1293
path_test_1292,,,var1294
path_test_1293,,,var1295
path_test_1294,,,var1296
path_test_1295,,,var1297
path_test_1296,,,var1298
path_test_1297,,,var1299
path_test_1298,,,var1300
path_test_1299,,,var1301
path_test_1300,,,var1302
path_test_1301,,,var1303
path_test_1302,,,var1304
path_test_1303,,,var1305
path_test_1304,,,var1306
path_test_1305,,,var1307
path_test_1306,,,var1308
path_test_1307,,,var1309
path_test_1308,,,var1310
path_test_1309,,,var1311
path_test_1310,,,var1312
path_test_1311,,,var1313
path_test_1312,,,var1314
path_test_1313,,,var1315
path_test_1314,,,var1316
path_test_1315,,,var1317
path_test_1316,,,var1318
path_test_1317,,,var1319
path_test_1318,,,var1320
path_test_1319,,,var1321
path_test_1320,,,var1322
path_test_1321,,,var1323
path_test_1322,,,var1324
path_test_1323,,,var1325
path_test_1324,,,var1326
path_test_1325,,,var1327
path_test_1326,,,var1328
path_test_1327,,,var1329
path_test_1328,,,var1330
path_test_1329,,,var1331
path_test_1330,,,var1332
path_test_1331,,,var1333
path_test_1332,,,var1334
path_test_1333,,,var1335
path_test_1334,,,var1336
path_test_1335,,,var1337
path_test_1336,,,var1338
path_test_1337,,,var1339
path_test_1338,,,var1340
path_test_1339,,,var1341
path_test_1340,,,var1342
path_test_1341,,,var1343
path_test_1342,,,var1344
path_test_1343,,,var1345
path_test_1344,,,var1346
path_test_1345,,,var1347
path_test_1346,,,var1348
path_test_1347,,,var1349
path_test_1348,,,var1350
path_test_1349,,,var1351
path_test_1350,,,var1352
path_test_1351,,,var1353
path_test_1352,,,var1354
path_test_1353,,,var1355
path_test_1354,,,var1356
path_test_1355,,,var1357
path_test_1356,,,var1358
path_test_1357,,,var1359
path_test_1358,,,var1360
path_test_1359,,,var1361
path_test_1360,,,var1362
path_test_1361,,,var1363
path_test_1362,,,var1364
path_test_1363,,,var1365
path_test_1364,,,var1366
path_test_1365,,,var1367
path_test_1366,,,var1368
path_test_1367,,,var1369
path_test_1368,,,var1370
path_test_1369,,,var1371
path_test_1370,,,var1372
path_test_1371,,,var1373
path_test_1372,,,var1374
path_test_1373,,,var1375
path_test_1374,,,var1376
path_test_1375,,,var1377
path_test_1376,,,var1378
path_test_1377,,,var1379
path_test_1378,,,var1380
path_test_1379,,,var1381
path_test_1380,,,var1382
path_test_1381,,,var1383
path_test_1382,,,var1384
path_test_1383,,,var1385
path_test_1384,,,var1386
path_test_1385,,,var1387
path_test_1386,,,var1388
path_test_1387,,,var1389
path_test_1388,,,var1390
path_test_1389,,,var1391
path_test_1390,,,var1392
path_test_1391,,,var1393
path_test_1392,,,var1394
path_test_1393,,,var1395
path_test_1394,,,var1396
path_test_1395,,,var1397
path_test_1396,,,var1398
path_test_1397,,,var1399
path_test_1398,,,var1400
path_test_1399,,,var1401
path_test_1400,,,var1402
path_test_1401,,,var1403
path_test_1402,,,var1404
path_test_1403,,,var1405
path_test_1404,,,var1406
path_test_1405,,,var1407
path_test_1406,,,var1408
path_test_1407,,,var1409
path_test_1408,,,var1410
path_test_1409,,,var1411
path_test_1410,,,var1412
path_test_1411,,,var1413
path_test_1412,,,var1414
path_test_1413,,,var1415
path_test_1414,,,var1416
path_test_1415,,,var1417
path_test_1416,,,var1418
path_test_1417,,,var1419
path_test_1418,,,var1420
path_test_1419,,,var1421
path_test_1420,,,var1422
path_test_1421,,,var1423
path_test_1422,,,var1424
path_test_1423,,,var1425
path_test_1424,,,var1426
path_test_1425,,,var1427
path_test_1426,,,var1428
path_test_1427,,,var1429
path_test_1428,,,var1430
path_test_1429,,,var1431
path_test_1430,,,var1432
path_test_1431,,,var1433
path_test_1432,,,var1434
path_test_1433,,,var1435
path_test_1434,,,var1436
path_test_1435,,,var1437
path_test_1436,,,var1438
path_test_1437,,,var1439
path_test_1438,,,var1440
path_test_1439,,,var1441
path_test_1440,,,var1442
path_test_1441,,,var1443
path_test_1442,,,var1444
path_test_1443,,,var1445
path_test_1444,,,var1446
path_test_1445,,,var1447
path_test_1446,,,var1448
path_test_1447,,,var1449
path_test_1448,,,var1450
path_test_1449,,,var1451
path_test_1450,,,var1452
path_test_1451,,,var1453
path_test_1452,,,var1454
path_test_1453,,,var1455
path_test_1454,,,var1456
path_test_1455,,,var1457
path_test_1456,,,var1458
path_test_1457,,,var1459
path_test_1458,,,var1460
path_test_1459,,,var1461
path_test_1460,,,var1462
path_test_1461,,,var1463
path_test_1462,,,var1464
path_test_1463,,,var1465
path_test_1464,,,var1466
path_test_1465,,,var1467
path_test_1466,,,var1468
path_test_1467,,,var1469
path_test_1468,,,var1470
path_test_1469,,,var1471
path_test_1470,,,var1472
path_test_1471,,,var1473
path_test_1472,,,var1474
path_test_1473,,,var1475
path_test_1474,,,var1476
path_test_1475,,,var1477
path_test_1476,,,var1478
path_test_1477,,,var1479
path_test_1478,,,var1480
path_test_1479,,,var1481
path_test_1480,,,var1482
path_test_1481,,,var1483
path_test_1482,,,var1484
path_test_1483,,,var1485
path_test_1484,,,var1486
path_test_1485,,,var1487
path_test_1486,,,var1488
path_test_1487,,,var1489
path_test_1488,,,var1490
path_test_1489,,,var1491
path_test_1490,,,var1492
path_test_1491,,,var1493
path_test_1492,,,var1494
path_test_1493,,,var1495
path_test_1494,,,var1496
path_test_1495,,,var1497
path_test_1496,,,var1498
path_test_1497,,,var1499
path_test_1498,,,var1500
path_test_1499,,,var1501
path_test_1500,,,var1502
path_test_1501,,,var1503
path_test_1502,,,var1504
path_test_1503,,,var1505
path_test_1504,,,var1506
path_test_1505,,,var1507
path_test_1506,,,var1508
path_test_1507,,,var1509
path_test_1508,,,var1510
path_test_1509,,,var1511
path_test_1510,,,var1512
path_test_1511,,,var1513
path_test_1512,,,var1514
path_test_1513,,,var1515
path_test_1514,,,var1516
path_test_1515,,,var1517
path_test_1516,,,var1518
path_test_1517,,,var1519
path_test_1518,,,var1520
path_test_1519,,,var1521
path_test_1520,,,var1522
path_test_1521,,,var1523
path_test_1522,,,var1524
path_test_1523,,,var1525
path_test_1524,,,var1526
path_test_1525,,,var1527
path_test_1526,,,var1528
path_test_1527,,,var1529
path_test_1528,,,var1530
path_test_1529,,,var1531
path_test_1530,,,var1532
path_test_1531,,,var1533
path_test_1532,,,var1534
path_test_1533,,,var1535
path_test_1534,,,var1536
path_test_1535,,,var1537
path_test_1536,,,var1538
path_test_1537,,,var1539
path_test_1538,,,var1540
path_test_1539,,,var1541
path_test_1540,,,var1542
path_test_1541,,,var1543
path_test_1542,,,var1544
path_test_1543,,,var1545
path_test_1544,,,var1546
path_test_1545,,,var1547
path_test_1546,,,var1548
path_test_1547,,,var1549
path_test_1548,,,var1550
path_test_1549,,,var1551
path_test_1550,,,var1552
path_test_1551,,,var1553
path_test_1552,,,var1554
path_test_1553,,,var1555
path_test_1554,,,var1556
path_test_1555,,,var1557
path_test_1556,,,var1558
path_test_1557,,,var1559
path_test_1558,,,var1560
path_test_1559,,,var1561
path_test_1560,,,var1562
path_test_1561,,,var1563
path_test_1562,,,var1564
path_test_1563,,,var1565
path_test_1564,,,var1566
path_test_1565,,,var1567
path_test_1566,,,var1568
path_test_1567,,,var1569
path_test_1568,,,var1570
path_test_1569,,,var1571
path_test_1570,,,var1572
path_test_1571,,,var1573
path_test_1572,,,var1574
path_test_1573,,,var1575
path_test_1574,,,var1576
path_test_1575,,,var1577
path_test_1576,,,var1578
path_test_1577,,,var1579
path_test_1578,,,var1580
path_test_1579,,,var1581
path_test_1580,,,var1582
path_test_1581,,,var1583
path_test_1582,,,var1584
path_test_1583,,,var1585
path_test_1584,,,var1586
path_test_1585,,,var1587
path_test_1586,,,var1588
path_test_1587,,,var1589
path_test_1588,,,var1590
path_test_1589,,,var1591
path_test_1590,,,var1592
path_test_1591,,,var1593
path_test_1592,,,var1594
path_test_1593,,,var1595
path_test_1594,,,var1596
path_test_1595,,,var1597
path_test_1596,,,var1598
path_test_1597,,,var1599
path_test_1598,,,var1600
path_test_1599,,,var1601
path_test_1600,,,var1602
path_test_1601,,,var1603
path_test_1602,,,var1604
path_test_1603,,,var1605
path_test_1604,,,var1606
path_test_1605,,,var1607
path_test_1606,,,var1608
path_test_1607,,,var1609
path_test_1608,,,var1610
path_test_1609,,,var1611
path_test_1610,,,var1612
path_test_1611,,,var1613
path_test_1612,,,var1614
path_test_1613,,,var1615
path_test_1614,,,var1616
path_test_1615,,,var1617
path_test_1616,,,var1618
path_test_1617,,,var1619
path_test_1618,,,var1620
path_test_1619,,,var1621
path_test_1620,,,var1622
path_test_1621,,,var1623
path_test_1622,,,var1624
path_test_1623,,,var1625
path_test_1624,,,var1626
path_test_1625,,,var1627
path_test_1626,,,var1628
path_test_1627,,,var1629
path_test_1628,,,var1630
path_test_1629,,,var1631
path_test_1630,,,var1632
path_test_1631,,,var1633
path_test_1632,,,var1634
path_test_1633,,,var1635
path_test_1634,,,var1636
path_test_1635,,,var1637
path_test_1636,,,var1638
path_test_1637,,,var1639
path_test_1638,,,var1640
path_test_1639,,,var1641
path_test_1640,,,var1642
path_test_1641,,,var1643
path_test_1642,,,var1644
path_test_1643,,,var1645
path_test_1644,,,var1646
path_test_1645,,,var1647
path_test_1646,,,var1648
path_test_1647,,,var1649
path_test_1648,,,var1650
path_test_1649,,,var1651
path_test_1650,,,var1652
path_test_1651,,,var1653
path_test_1652,,,var1654
path_test_1653,,,var1655
path_test_1654,,,var1656
path_test_1655,,,var1657
path_test_1656,,,var1658
path_test_1657,,,var1659
path_test_1658,,,var1660
path_test_1659,,,var1661
path_test_1660,,,var1662
path_test_1661,,,var1663
path_test_1662,,,var1664
path_test_1663,,,var1665
path_test_1664,,,var1666
path_test_1665,,,var1667
path_test_1666,,,var1668
path_test_1667,,,var1669
path_test_1668,,,var1670
path_test_1669,,,var1671
path_test_1670,,,var1672
path_test_1671,,,var1673
path_test_1672,,,var1674
path_test_1673,,,var1675
path_test_1674,,,var1676
path_test_1675,,,var1677
path_test_1676,,,var1678
path_test_1677,,,var1679
path_test_1678,,,var1680
path_test_1679,,,var1681
path_test_1680,,,var1682
path_test_1681,,,var1683
path_test_1682,,,var1684
path_test_1683,,,var1685
path_test_1684,,,var1686
path_test_1685,,,var1687
path_test_1686,,,var1688
path_test_1687,,,var1689
path_test_1688,,,var1690
path_test_1689,,,var1691
path_test_1690,,,var1692
path_test_1691,,,var1693
path_test_1692,,,var1694
path_test_1693,,,var1695
path_test_1694,,,var1696
path_test_1695,,,var1697
path_test_1696,,,var1698
path_test_1697,,,var1699
path_test_1698,,,var1700
path_test_1699,,,var1701
path_test_1700,,,var1702
path_test_1701,,,var1703
path_test_1702,,,var1704
path_test_1703,,,var1705
path_test_1704,,,var1706
path_test_1705,,,var1707
path_test_1706,,,var1708
path_test_1707,,,var1709
path_test_1708,,,var1710
path_test_1709,,,var1711
path_test_1710,,,var1712
path_test_1711,,,var1713
path_test_1712,,,var1714
path_test_1713,,,var1715
path_test_1714,,,var1716
path_test_1715,,,var1717
path_test_1716,,,var1718
path_test_1717,,,var1719
path_test_1718,,,var1720
path_test_1719,,,var1721
path_test_1720,,,var1722
path_test_1721,,,var1723
path_test_1722,,,var1724
path_test_1723,,,var1725
path_test_1724,,,var1726
path_test_1725,,,var1727
path_test_1726,,,var1728
path_test_1727,,,var1729
path_test_1728,,,var1730
path_test_1729,,,var1731
path_test_1730,,,var1732
path_test_1731,,,var1733
path_test_1732,,,var1734
path_test_1733,,,var1735
path_test_1734,,,var1736
path_test_1735,,,var1737
path_test_1736,,,var1738
path_test_1737,,,var1739
path_test_1738,,,var1740
path_test_1739,,,var1741
path_test_1740,,,var1742
path_test_1741,,,var1743
path_test_1742,,,var1744
path_test_1743,,,var1745
path_test_1744,,,var1746
path_test_1745,,,var1747
path_test_1746,,,var1748
path_test_1747,,,var1749
path_test_1748,,,var1750
path_test_1749,,,var1751
path_test_1750,,,var1752
path_test_1751,,,var1753
path_test_1752,,,var1754
path_test_1753,,,var1755
path_test_1754,,,var1756
path_test_1755,,,var1757
path_test_1756,,,var1758
path_test_1757,,,var1759
path_test_1758,,,var1760
path_test_1759,,,var1761
path_test_1760,,,var1762
path_test_1761,,,var1763
path_test_1762,,,var1764
path_test_1763,,,var1765
path_test_1764,,,var1766
path_test_1765,,,var1767
path_test_1766,,,var1768
path_test_1767,,,var1769
path_test_1768,,,var1770
path_test_1769,,,var1771
path_test_1770,,,var1772
path_test_1771,,,var1773
path_test_1772,,,var1774
path_test_1773,,,var1775
path_test_1774,,,var1776
path_test_1775,,,var1777
path_test_1776,,,var1778
path_test_1777,,,var1779
path_test_1778,,,var1780
path_test_1779,,,var1781
path_test_1780,,,var1782
path_test_1781,,,var1783
path_test_1782,,,var1784
path_test_1783,,,var1785
path_test_1784,,,var1786
path_test_1785,,,var1787
path_test_1786,,,var1788
path_test_1787,,,var1789
path_test_1788,,,var1790
path_test_1789,,,var1791
path_test_1790,,,var1792
path_test_1791,,,var1793
path_test_1792,,,var1794
path_test_1793,,,var1795
path_test_1794,,,var1796
path_test_1795,,,var1797
path_test_1796,,,var1798
path_test_1797,,,var1799
path_test_1798,,,var1800
path_test_1799,,,var1801
path_test_1800,,,var1802
path_test_1801,,,var1803
path_test_1802,,,var1804
path_test_1803,,,var1805
path_test_1804,,,var1806
path_test_1805,,,var1807
path_test_1806,,,var1808
path_test_1807,,,var1809
path_test_1808,,,var1810
path_test_1809,,,var1811
path_test_1810,,,var1812
path_test_1811,,,var1813
path_test_1812,,,var1814
path_test_1813,,,var1815
path_test_1814,,,var1816
path_test_1815,,,var1817
path_test_1816,,,var1818
path_test_1817,,,var1819
path_test_1818,,,var1820
path_test_1819,,,var1821
path_test_1820,,,var1822
path_test_1821,,,var1823
path_test_1822,,,var1824
path_test_1823,,,var1825
path_test_1824,,,var1826
path_test_1825,,,var1827
path_test_1826,,,var1828
path_test_1827,,,var1829
path_test_1828,,,var1830
path_test_1829,,,var1831
path_test_1830,,,var1832
path_test_1831,,,var1833
path_test_1832,,,var1834
path_test_1833,,,var1835
path_test_1834,,,var1836
path_test_1835,,,var1837
path_test_1836,,,var1838
path_test_1837,,,var1839
path_test_1838,,,var1840
path_test_1839,,,var1841
path_test_1840,,,var1842
path_test_1841,,,var1843
path_test_1842,,,var1844
path_test_1843,,,var1845
path_test_1844,,,var1846
path_test_1845,,,var1847
path_test_1846,,,var1848
path_test_1847,,,var1849
path_test_1848,,,var1850
path_test_1849,,,var1851
path_test_1850,,,var1852
path_test_1851,,,var1853
path_test_1852,,,var1854
path_test_1853,,,var1855
path_test_1854,,,var1856
path_test_1855,,,var1857
path_test_1856,,,var1858
path_test_1857,,,var1859
path_test_1858,,,var1860
path_test_1859,,,var1861
path_test_1860,,,var1862
path_test_1861,,,var1863
path_test_1862,,,var1864
path_test_1863,,,var1865
path_test_1864,,,var1866
path_test_1865,,,var1867
path_test_1866,,,var1868
path_test_1867,,,var1869
path_test_1868,,,var1870
path_test_1869,,,var1871
path_test_1870,,,var1872
path_test_1871,,,var1873
path_test_1872,,,var1874
path_test_1873,,,var1875
path_test_1874,,,var1876
path_test_1875,,,var1877
path_test_1876,,,var1878
path_test_1877,,,var1879
path_test_1878,,,var1880
path_test_1879,,,var1881
path_test_1880,,,var1882
path_test_1881,,,var1883
path_test_1882,,,var1884
path_test_1883,,,var1885
path_test_1884,,,var1886
path_test_1885,,,var1887
path_test_1886,,,var1888
path_test_1887,,,var1889
path_test_1888,,,var1890
path_test_1889,,,var1891
path_test_1890,,,var1892
path_test_1891,,,var1893
path_test_1892,,,var1894
path_test_1893,,,var1895
path_test_1894,,,var1896
path_test_1895,,,var1897
path_test_1896,,,var1898
path_test_1897,,,var1899
path_test_1898,,,var1900
path_test_1899,,,var1901
path_test_1900,,,var1902
path_test_1901,,,var1903
path_test_1902,,,var1904
path_test_1903,,,var1905
path_test_1904,,,var1906
path_test_1905,,,var1907
path_test_1906,,,var1908
path_test_1907,,,var1909
path_test_1908,,,var1910
path_test_1909,,,var1911
path_test_1910,,,var1912
path_test_1911,,,var1913
path_test_1912,,,var1914
path_test_1913,,,var1915
path_test_1914,,,var1916
path_test_1915,,,var1917
path_test_1916,,,var1918
path_test_1917,,,var1919
path_test_1918,,,var1920
path_test_1919,,,var1921
path_test_1920,,,var1922
path_test_1921,,,var1923
path_test_1922,,,var1924
path_test_1923,,,var1925
path_test_1924,,,var1926
path_test_1925,,,var1927
path_test_1926,,,var1928
path_test_1927,,,var1929
path_test_1928,,,var1930
path_test_1929,,,var1931
path_test_1930,,,var1932
path_test_1931,,,var1933
path_test_1932,,,var1934
path_test_1933,,,var1935
path_test_1934,,,var1936
path_test_1935,,,var1937
path_test_1936,,,var1938
path_test_1937,,,var1939
path_test_1938,,,var1940
path_test_1939,,,var1941
path_test_1940,,,var1942
path_test_1941,,,var1943
path_test_1942,,,var1944
path_test_1943,,,var1945
path_test_1944,,,var1946
path_test_1945,,,var1947
path_test_1946,,,var1948
path_test_1947,,,var1949
path_test_1948,,,var1950
path_test_1949,,,var1951
path_test_1950,,,var1952
path_test_1951,,,var1953
path_test_1952,,,var1954
path_test_1953,,,var1955
path_test_1954,,,var1956
path_test_1955,,,var1957
path_test_1956,,,var1958
path_test_1957,,,var1959
path_test_1958,,,var1960
path_test_1959,,,var1961
path_test_1960,,,var1962
path_test_1961,,,var1963
path_test_1962,,,var1964
path_test_1963,,,var1965
path_test_1964,,,var1966
path_test_1965,,,var1967
path_test_1966,,,var1968
path_test_1967,,,var1969
path_test_1968,,,var1970
path_test_1969,,,var1971
path_test_1970,,,var1972
path_test_1971,,,var1973
path_test_1972,,,var1974
path_test_1973,,,var1975
path_test_1974,,,var1976
path_test_1975,,,var1977
path_test_1976,,,var1978
path_test_1977,,,var1979
path_test_1978,,,var1980
path_test_1979,,,var1981
path_test_1980,,,var1982
path_test_1981,,,var1983
path_test_1982,,,var1984
path_test_1983,,,var1985
path_test_1984,,,var1986
path_test_1985,,,var1987
path_test_1986,,,var1988
path_test_1987,,,var1989
path_test_1988,,,var1990
path_test_1989,,,var1991
path_test_1990,,,var1992
path_test_1991,,,var1993
path_test_1992,,,var1994
path_test_1993,,,var1995
path_test_1994,,,var1996
path_test_1995,,,var1997
path_test_1996,,,var1998
path_test_1997,,,var1999
path_test_1998,,,var2000
path_test_1999,,,var2001
path_test_2000,,,var2002
path_test_2001,,,var2003
path_test_2002,,,var2004
path_test_2003,,,var2005
path_test_2004,,,var2006
path_test_2005,,,var2007
path_test_2006,,,var2008
path_test_2007,,,var2009
path_test_2008,,,var2010
path_test_2009,,,var2011
path_test_2010,,,var2012
path_test_2011,,,var2013
path_test_2012,,,var2014
path_test_2013,,,var2015
path_test_2014,,,var2016
path_test_2015,,,var2017
path_test_2016,,,var2018
path_test_2017,,,var2019
path_test_2018,,,var2020
path_test_2019,,,var2021
path_test_2020,,,var2022
path_test_2021,,,var2023
path_test_2022,,,var2024
path_test_2023,,,var2025
path_test_2024,,,var2026
path_test_2025,,,var2027
path_test_2026,,,var2028
path_test_2027,,,var2029
path_test_2028,,,var2030
path_test_2029,,,var2031
path_test_2030,,,var2032
path_test_2031,,,var2033
path_test_2032,,,var2034
path_test_2033,,,var2035
path_test_2034,,,var2036
path_test_2035,,,var2037
path_test_2036,,,var2038
path_test_2037,,,var2039
path_test_2038,,,var2040
path_test_2039,,,var2041
path_test_2040,,,var2042
path_test_2041,,,var2043
path_test_2042,,,var2044
path_test_2043,,,var2045
path_test_2044,,,var2046
path_test_2045,,,var2047
path_test_2046,,,var2048
path_test_2047,,,var2049
path_test_2048,,,var2050
path_test_2049,,,var2051
path_test_2050,,,var2052
path_test_2051,,,var2053
path_test_2052,,,var2054
path_test_2053,,,var2055
path_test_2054,,,var2056
path_test_2055,,,var2057
path_test_2056,,,var2058
path_test_2057,,,var2059
path_test_2058,,,var2060
path_test_2059,,,var2061
path_test_2060,,,var2062
path_test_2061,,,var2063
path_test_2062,,,var2064
path_test_2063,,,var2065
path_test_2064,,,var2066
path_test_2065,,,var2067
path_test_2066,,,var2068
path_test_2067,,,var2069
path_test_2068,,,var2070
path_test_2069,,,var2071
path_test_2070,,,var2072
path_test_2071,,,var2073
path_test_2072,,,var2074
path_test_2073,,,var2075
path_test_2074,,,var2076
path_test_2075,,,var2077
path_test_2076,,,var2078
path_test_2077,,,var2079
path_test_2078,,,var2080
path_test_2079,,,var2081
path_test_2080,,,var2082
path_test_2081,,,var2083
path_test_2082,,,var2084
path_test_2083,,,var2085
path_test_2084,,,var2086
path_test_2085,,,var2087
path_test_2086,,,var2088
path_test_2087,,,var2089
path_test_2088,,,var2090
path_test_2089,,,var2091
path_test_2090,,,var2092
path_test_2091,,,var2093
path_test_2092,,,var2094
path_test_2093,,,var2095
path_test_2094,,,var2096
path_test_2095,,,var2097
path_test_2096,,,var2098
path_test_2097,,,var2099
path_test_2098,,,var2100
path_test_2099,,,var2101
path_test_2100,,,var2102
path_test_2101,,,var2103
path_test_2102,,,var2104
path_test_2103,,,var2105
path_test_2104,,,var2106
path_test_2105,,,var2107
path_test_2106,,,var2108
path_test_2107,,,var2109
path_test_2108,,,var2110
path_test_2109,,,var2111
path_test_2110,,,var2112
path_test_2111,,,var2113
path_test_2112,,,var2114
path_test_2113,,,var2115
path_test_2114,,,var2116
path_test_2115,,,var2117
path_test_2116,,,var2118
path_test_2117,,,var2119
path_test_2118,,,var2120
path_test_2119,,,var2121
path_test_2120,,,var2122
path_test_2121,,,var2123
path_test_2122,,,var2124
path_test_2123,,,var2125
path_test_2124,,,var2126
path_test_2125,,,var2127
path_test_2126,,,var2128
path_test_2127,,,var2129
path_test_2128,,,var2130
path_test_2129,,,var2131
path_test_2130,,,var2132
path_test_2131,,,var2133
path_test_2132,,,var2134
path_test_2133,,,var2135
path_test_2134,,,var2136
path_test_2135,,,var2137
path_test_2136,,,var2138
path_test_2137,,,var2139
path_test_2138,,,var2140
path_test_2139,,,var2141
path_test_2140,,,var2142
path_test_2141,,,var2143
path_test_2142,,,var2144
path_test_2143,,,var2145
path_test_2144,,,var2146
path_test_2145,,,var2147
path_test_2146,,,var2148
path_test_2147,,,var2149
path_test_2148,,,var2150
path_test_2149,,,var2151
path_test_2150,,,var2152
path_test_2151,,,var2153
path_test_2152,,,var2154
path_test_2153,,,var2155
path_test_2154,,,var2156
path_test_2155,,,var2157
path_test_2156,,,var2158
path_test_2157,,,var2159
path_test_2158,,,var2160
path_test_2159,,,var2161
path_test_2160,,,var2162
path_test_2161,,,var2163
path_test_2162,,,var2164
path_test_2163,,,var2165
path_test_2164,,,var2166
path_test_2165,,,var2167
path_test_2166,,,var2168
path_test_2167,,,var2169
path_test_2168,,,var2170
path_test_2169,,,var2171
path_test_2170,,,var2172
path_test_2171,,,var2173
path_test_2172,,,var2174
path_test_2173,,,var2175
path_test_2174,,,var2176
path_test_2175,,,var2177
path_test_2176,,,var2178
path_test_2177,,,var2179
path_test_2178,,,var2180
path_test_2179,,,var2181
path_test_2180,,,var2182
path_test_2181,,,var2183
path_test_2182,,,var2184
path_test_2183,,,var2185
path_test_2184,,,var2186
path_test_2185,,,var2187
path_test_2186,,,var2188
path_test_2187,,,var2189
path_test_2188,,,var2190
path_test_2189,,,var2191
path_test_2190,,,var2192
path_test_2191,,,var2193
path_test_2192,,,var2194
path_test_2193,,,var2195
path_test_2194,,,var2196
path_test_2195,,,var2197
path_test_2196,,,var2198
path_test_2197,,,var2199
path_test_2198,,,var2200
path_test_2199,,,var2201
path_test_2200,,,var2202
path_test_2201,,,var2203
path_test_2202,,,var2204
path_test_2203,,,var2205
path_test_2204,,,var2206
path_test_2205,,,var2207
path_test_2206,,,var2208
path_test_2207,,,var2209
path_test_2208,,,var2210
path_test_2209,,,var2211
path_test_2210,,,var2212
path_test_2211,,,var2213
path_test_2212,,,var2214
path_test_2213,,,var2215
path_test_2214,,,var2216
path_test_2215,,,var2217
path_test_2216,,,var2218
path_test_2217,,,var2219
path_test_2218,,,var2220
path_test_2219,,,var2221
path_test_2220,,,var2222
path_test_2221,,,var2223
path_test_2222,,,var2224
path_test_2223,,,var2225
path_test_2224,,,var2226
path_test_2225,,,var2227
path_test_2226,,,var2228
path_test_2227,,,var2229
path_test_2228,,,var2230
path_test_2229,,,var2231
path_test_2230,,,var2232
path_test_2231,,,var2233
path_test_2232,,,var2234
path_test_2233,,,var2235
path_test_2234,,,var2236
path_test_2235,,,var2237
path_test_2236,,,var2238
path_test_2237,,,var2239
path_test_2238,,,var2240
path_test_2239,,,var2241
path_test_2240,,,var2242
path_test_2241,,,var2243
path_test_2242,,,var2244
path_test_2243,,,var2245
path_test_2244,,,var2246
path_test_2245,,,var2247
path_test_2246,,,var2248
path_test_2247,,,var2249
path_test_2248,,,var2250
path_test_2249,,,var2251
path_test_2250,,,var2252
path_test_2251,,,var2253
path_test_2252,,,var2254
path_test_2253,,,var2255
path_test_2254,,,var2256
path_test_2255,,,var2257
path_test_2256,,,var2258
path_test_2257,,,var2259
path_test_2258,,,var2260
path_test_2259,,,var2261
path_test_2260,,,var2262
path_test_2261,,,var2263
path_test_2262,,,var2264
path_test_2263,,,var2265
path_test_2264,,,var2266
path_test_2265,,,var2267
path_test_2266,,,var2268
path_test_2267,,,var2269
path_test_2268,,,var2270
path_test_2269,,,var2271
path_test_2270,,,var2272
path_test_2271,,,var2273
path_test_2272,,,var2274
path_test_2273,,,var2275
path_test_2274,,,var2276
path_test_2275,,,var2277
path_test_2276,,,var2278
path_test_2277,,,var2279
path_test_2278,,,var2280
path_test_2279,,,var2281
path_test_2280,,,var2282
path_test_2281,,,var2283
path_test_2282,,,var2284
path_test_2283,,,var2285
path_test_2284,,,var2286
path_test_2285,,,var2287
path_test_2286,,,var2288
path_test_2287,,,var2289
path_test_2288,,,var2290
path_test_2289,,,var2291
path_test_2290,,,var2292
path_test_2291,,,var2293
path_test_2292,,,var2294
path_test_2293,,,var2295
path_test_2294,,,var2296
path_test_2295,,,var2297
path_test_2296,,,var2298
path_test_2297,,,var2299
path_test_2298,,,var2300
path_test_2299,,,var2301
path_test_2300,,,var2302
path_test_2301,,,var2303
path_test_2302,,,var2304
path_test_2303,,,var2305
path_test_2304,,,var2306
path_test_2305,,,var2307
path_test_2306,,,var2308
path_test_2307,,,var2309
path_test_2308,,,var2310
path_test_2309,,,var2311
path_test_2310,,,var2312
path_test_2311,,,var2313
path_test_2312,,,var2314
path_test_2313,,,var2315
path_test_2314,,,var2316
path_test_2315,,,var2317
path_test_2316,,,var2318
path_test_2317,,,var2319
path_test_2318,,,var2320
path_test_2319,,,var2321
path_test_2320,,,var2322
path_test_2321,,,var2323
path_test_2322,,,var2324
path_test_2323,,,var2325
path_test_2324,,,var2326
path_test_2325,,,var2327
path_test_2326,,,var2328
path_test_2327,,,var2329
path_test_2328,,,var2330
path_test_2329,,,var2331
path_test_2330,,,var2332
path_test_2331,,,var2333
path_test_2332,,,var2334
path_test_2333,,,var2335
path_test_2334,,,var2336
path_test_2335,,,var2337
path_test_2336,,,var2338
path_test_2337,,,var2339
path_test_2338,,,var2340
path_test_2339,,,var2341
path_test_2340,,,var2342
path_test_2341,,,var2343
path_test_2342,,,var2344
path_test_2343,,,var2345
path_test_2344,,,var2346
path_test_2345,,,var2347
path_test_2346,,,var2348
path_test_2347,,,var2349
path_test_2348,,,var2350
path_test_2349,,,var2351
path_test_2350,,,var2352
path_test_2351,,,var2353
path_test_2352,,,var2354
path_test_2353,,,var2355
path_test_2354,,,var2356
path_test_2355,,,var2357
path_test_2356,,,var2358
path_test_2357,,,var2359
path_test_2358,,,var2360
path_test_2359,,,var2361
path_test_2360,,,var2362
path_test_2361,,,var2363
path_test_2362,,,var2364
path_test_2363,,,var2365
path_test_2364,,,var2366
path_test_2365,,,var2367
path_test_2366,,,var2368
path_test_2367,,,var2369
path_test_2368,,,var2370
path_test_2369,,,var2371
path_test_2370,,,var2372
path_test_2371,,,var2373
path_test_2372,,,var2374
path_test_2373,,,var2375
path_test_2374,,,var2376
path_test_2375,,,var2377
path_test_2376,,,var2378
path_test_2377,,,var2379
path_test_2378,,,var2380
path_test_2379,,,var2381
path_test_2380,,,var2382
path_test_2381,,,var2383
path_test_2382,,,var2384
path_test_2383,,,var2385
path_test_2384,,,var2386
path_test_2385,,,var2387
path_test_2386,,,var2388
path_test_2387,,,var2389
path_test_2388,,,var2390
path_test_2389,,,var2391
path_test_2390,,,var2392
path_test_2391,,,var2393
path_test_2392,,,var2394
path_test_2393,,,var2395
path_test_2394,,,var2396
path_test_2395,,,var2397
path_test_2396,,,var2398
path_test_2397,,,var2399
path_test_2398,,,var2400
path_test_2399,,,var2401
path_test_2400,,,var2402
path_test_2401,,,var2403
path_test_2402,,,var2404
path_test_2403,,,var2405
path_test_2404,,,var2406
path_test_2405,,,var2407
path_test_2406,,,var2408
path_test_2407,,,var2409
path_test_2408,,,var2410
path_test_2409,,,var2411
path_test_2410,,,var2412
path_test_2411,,,var2413
path_test_2412,,,var2414
path_test_2413,,,var2415
path_test_2414,,,var2416
path_test_2415,,,var2417
path_test_2416,,,var2418
path_test_2417,,,var2419
path_test_2418,,,var2420
path_test_2419,,,var2421
path_test_2420,,,var2422
path_test_2421,,,var2423
path_test_2422,,,var2424
path_test_2423,,,var2425
path_test_2424,,,var2426
path_test_2425,,,var2427
path_test_2426,,,var2428
path_test_2427,,,var2429
path_test_2428,,,var2430
path_test_2429,,,var2431
path_test_2430,,,var2432
path_test_2431,,,var2433
path_test_2432,,,var2434
path_test_2433,,,var2435
path_test_2434,,,var2436
path_test_2435,,,var2437
path_test_2436,,,var2438
path_test_2437,,,var2439
path_test_2438,,,var2440
path_test_2439,,,var2441
path_test_2440,,,var2442
path_test_2441,,,var2443
path_test_2442,,,var2444
path_test_2443,,,var2445
path_test_2444,,,var2446
path_test_2445,,,var2447
path_test_2446,,,var2448
path_test_2447,,,var2449
path_test_2448,,,var2450
path_test_2449,,,var2451
path_test_2450,,,var2452
path_test_2451,,,var2453
path_test_2452,,,var2454
path_test_2453,,,var2455
path_test_2454,,,var2456
path_test_2455,,,var2457
path_test_2456,,,var2458
path_test_2457,,,var2459
path_test_2458,,,var2460
path_test_2459,,,var2461
path_test_2460,,,var2462
path_test_2461,,,var2463
path_test_2462,,,var2464
path_test_2463,,,var2465
path_test_2464,,,var2466
path_test_2465,,,var2467
path_test_2466,,,var2468
path_test_2467,,,var2469
path_test_2468,,,var2470
path_test_2469,,,var2471
path_test_2470,,,var2472
path_test_2471,,,var2473
path_test_2472,,,var2474
path_test_2473,,,var2475
path_test_2474,,,var2476
path_test_2475,,,var2477
path_test_2476,,,var2478
path_test_2477,,,var2479
path_test_2478,,,var2480
path_test_2479,,,var2481
path_test_2480,,,var2482
path_test_2481,,,var2483
path_test_2482,,,var2484
path_test_2483,,,var2485
path_test_2484,,,var2486
path_test_2485,,,var2487
path_test_2486,,,var2488
path_test_2487,,,var2489
path_test_2488,,,var2490
path_test_2489,,,var2491
path_test_2490,,,var2492
path_test_2491,,,var2493
path_test_2492,,,var2494
path_test_2493,,,var2495
path_test_2494,,,var2496
path_test_2495,,,var2497
path_test_2496,,,var2498
path_test_2497,,,var2499
path_test_2498,,,var2500
path_test_2499,,,var2501
path_test_2500,,,var2502
path_test_2501,,,var2503
path_test_2502,,,var2504
path_test_2503,,,var2505
path_test_2504,,,var2506
path_test_2505,,,var2507
path_test_2506,,,var2508
path_test_2507,,,var2509
path_test_2508,,,var2510
path_test_2509,,,var2511
path_test_2510,,,var2512
path_test_2511,,,var2513
path_test_2512,,,var2514
path_test_2513,,,var2515
path_test_2514,,,var2516
path_test_2515,,,var2517
path_test_2516,,,var2518
path_test_2517,,,var2519
path_test_2518,,,var2520
path_test_2519,,,var2521
path_test_2520,,,var2522
path_test_2521,,,var2523
path_test_2522,,,var2524
path_test_2523,,,var2525
path_test_2524,,,var2526
path_test_2525,,,var2527
path_test_2526,,,var2528
path_test_2527,,,var2529
path_test_2528,,,var2530
path_test_2529,,,var2531
path_test_2530,,,var2532
path_test_2531,,,var2533
path_test_2532,,,var2534
path_test_2533,,,var2535
path_test_2534,,,var2536
path_test_2535,,,var2537
path_test_2536,,,var2538
path_test_2537,,,var2539
path_test_2538,,,var2540
path_test_2539,,,var2541
path_test_2540,,,var2542
path_test_2541,,,var2543
path_test_2542,,,var2544
path_test_2543,,,var2545
path_test_2544,,,var2546
path_test_2545,,,var2547
path_test_2546,,,var2548
path_test_2547,,,var2549
path_test_2548,,,var2550
path_test_2549,,,var2551
path_test_2550,,,var2552
path_test_2551,,,var2553
path_test_2552,,,var2554
path_test_2553,,,var2555
path_test_2554,,,var2556
path_test_2555,,,var2557
path_test_2556,,,var2558
path_test_2557,,,var2559
path_test_2558,,,var2560
path_test_2559,,,var2561
path_test_2560,,,var2562
path_test_2561,,,var2563
path_test_2562,,,var2564
path_test_2563,,,var2565
path_test_2564,,,var2566
path_test_2565,,,var2567
path_test_2566,,,var2568
path_test_2567,,,var2569
path_test_2568,,,var2570
path_test_2569,,,var2571
path_test_2570,,,var2572
path_test_2571,,,var2573
path_test_2572,,,var2574
path_test_2573,,,var2575
path_test_2574,,,var2576
path_test_2575,,,var2577
path_test_2576,,,var2578
path_test_2577,,,var2579
path_test_2578,,,var2580
path_test_2579,,,var2581
path_test_2580,,,var2582
path_test_2581,,,var2583
path_test_2582,,,var2584
path_test_2583,,,var2585
path_test_2584,,,var2586
path_test_2585,,,var2587
path_test_2586,,,var2588
path_test_2587,,,var2589
path_test_2588,,,var2590
path_test_2589,,,var2591
path_test_2590,,,var2592
path_test_2591,,,var2593
path_test_2592,,,var2594
path_test_2593,,,var2595
path_test_2594,,,var2596
path_test_2595,,,var2597
path_test_2596,,,var2598
path_test_2597,,,var2599
path_test_2598,,,var2600
path_test_2599,,,var2601
path_test_2600,,,var2602
path_test_2601,,,var2603
path_test_2602,,,var2604
path_test_2603,,,var2605
path_test_2604,,,var2606
path_test_2605,,,var2607
path_test_2606,,,var2608
path_test_2607,,,var2609
path_test_2608,,,var2610
path_test_2609,,,var2611
path_test_2610,,,var2612
path_test_2611,,,var2613
path_test_2612,,,var2614
path_test_2613,,,var2615
path_test_2614,,,var2616
path_test_2615,,,var2617
path_test_2616,,,var2618
path_test_2617,,,var2619
path_test_2618,,,var2620
path_test_2619,,,var2621
path_test_2620,,,var2622
path_test_2621,,,var2623
path_test_2622,,,var2624
path_test_2623,,,var2625
path_test_2624,,,var2626
path_test_2625,,,var2627
path_test_2626,,,var2628
path_test_2627,,,var2629
path_test_2628,,,var2630
path_test_2629,,,var2631
path_test_2630,,,var2632
path_test_2631,,,var2633
path_test_2632,,,var2634
path_test_2633,,,var2635
path_test_2634,,,var2636
path_test_2635,,,var2637
path_test_2636,,,var2638
path_test_2637,,,var2639
path_test_2638,,,var2640
path_test_2639,,,var2641
path_test_2640,,,var2642
path_test_2641,,,var2643
path_test_2642,,,var2644
path_test_2643,,,var2645
path_test_2644,,,var2646
path_test_2645,,,var2647
path_test_2646,,,var2648
path_test_2647,,,var2649
path_test_2648,,,var2650
path_test_2649,,,var2651
path_test_2650,,,var2652
path_test_2651,,,var2653
path_test_2652,,,var2654
path_test_2653,,,var2655
path_test_2654,,,var2656
path_test_2655,,,var2657
path_test_2656,,,var2658
path_test_2657,,,var2659
path_test_2658,,,var2660
path_test_2659,,,var2661
path_test_2660,,,var2662
path_test_2661,,,var2663
path_test_2662,,,var2664
path_test_2663,,,var2665
path_test_2664,,,var2666
path_test_2665,,,var2667
path_test_2666,,,var2668
path_test_2667,,,var2669
path_test_2668,,,var2670
path_test_2669,,,var2671
path_test_2670,,,var2672
path_test_2671,,,var2673
path_test_2672,,,var2674
path_test_2673,,,var2675
path_test_2674,,,var2676
path_test_2675,,,var2677
path_test_2676,,,var2678
path_test_2677,,,var2679
path_test_2678,,,var2680
path_test_2679,,,var2681
path_test_2680,,,var2682
path_test_2681,,,var2683
path_test_2682,,,var2684
path_test_2683,,,var2685
path_test_2684,,,var2686
path_test_2685,,,var2687
path_test_2686,,,var2688
path_test_2687,,,var2689
path_test_2688,,,var2690
path_test_2689,,,var2691
path_test_2690,,,var2692
path_test_2691,,,var2693
path_test_2692,,,var2694
path_test_2693,,,var2695
path_test_2694,,,var2696
path_test_2695,,,var2697
path_test_2696,,,var2698
path_test_2697,,,var2699
path_test_2698,,,var2700
path_test_2699,,,var2701
path_test_2700,,,var2702
path_test_2701,,,var2703
path_test_2702,,,var2704
path_test_2703,,,var2705
path_test_2704,,,var2706
path_test_2705,,,var2707
path_test_2706,,,var2708
path_test_2707,,,var2709
path_test_2708,,,var2710
path_test_2709,,,var2711
path_test_2710,,,var2712
path_test_2711,,,var2713
path_test_2712,,,var2714
path_test_2713,,,var2715
path_test_2714,,,var2716
path_test_2715,,,var2717
path_test_2716,,,var2718
path_test_2717,,,var2719
path_test_2718,,,var2720
path_test_2719,,,var2721
path_test_2720,,,var2722
path_test_2721,,,var2723
path_test_2722,,,var2724
path_test_2723,,,var2725
path_test_2724,,,var2726
path_test_2725,,,var2727
path_test_2726,,,var2728
path_test_2727,,,var2729
path_test_2728,,,var2730
path_test_2729,,,var2731
path_test_2730,,,var2732
path_test_2731,,,var2733
path_test_2732,,,var2734
path_test_2733,,,var2735
path_test_2734,,,var2736
path_test_2735,,,var2737
path_test_2736,,,var2738
path_test_2737,,,var2739
path_test_2738,,,var2740
path_test_2739,,,var2741
path_test_2740,,,var2742
path_test_2741,,,var2743
path_test_2742,,,var2744
path_test_2743,,,var2745
path_test_2744,,,var2746
path_test_2745,,,var2747
path_test_2746,,,var2748
path_test_2747,,,var2749
path_test_2748,,,var2750
path_test_2749,,,var2751
path_test_2750,,,var2752
path_test_2751,,,var2753
path_test_2752,,,var2754
path_test_2753,,,var2755
path_test_2754,,,var2756
path_test_2755,,,var2757
path_test_2756,,,var2758
path_test_2757,,,var2759
path_test_2758,,,var2760
path_test_2759,,,var2761
path_test_2760,,,var2762
path_test_2761,,,var2763
path_test_2762,,,var2764
path_test_2763,,,var2765
path_test_2764,,,var2766
path_test_2765,,,var2767
path_test_2766,,,var2768
path_test_2767,,,var2769
path_test_2768,,,var2770
path_test_2769,,,var2771
path_test_2770,,,var2772
path_test_2771,,,var2773
path_test_2772,,,var2774
path_test_2773,,,var2775
path_test_2774,,,var2776
path_test_2775,,,var2777
path_test_2776,,,var2778
path_test_2777,,,var2779
path_test_2778,,,var2780
path_test_2779,,,var2781
path_test_2780,,,var2782
path_test_2781,,,var2783
path_test_2782,,,var2784
path_test_2783,,,var2785
path_test_2784,,,var2786
path_test_2785,,,var2787
path_test_2786,,,var2788
path_test_2787,,,var2789
path_test_2788,,,var2790
path_test_2789,,,var2791
path_test_2790,,,var2792
path_test_2791,,,var2793
path_test_2792,,,var2794
path_test_2793,,,var2795
path_test_2794,,,var2796
path_test_2795,,,var2797
path_test_2796,,,var2798
path_test_2797,,,var2799
path_test_2798,,,var2800
path_test_2799,,,var2801
path_test_2800,,,var2802
path_test_2801,,,var2803
path_test_2802,,,var2804
path_test_2803,,,var2805
path_test_2804,,,var2806
path_test_2805,,,var2807
path_test_2806,,,var2808
path_test_2807,,,var2809
path_test_2808,,,var2810
path_test_2809,,,var2811
path_test_2810,,,var2812
path_test_2811,,,var2813
path_test_2812,,,var2814
path_test_2813,,,var2815
path_test_2814,,,var2816
path_test_2815,,,var2817
path_test_2816,,,var2818
path_test_2817,,,var2819
path_test_2818,,,var2820
path_test_2819,,,var2821
path_test_2820,,,var2822
path_test_2821,,,var2823
path_test_2822,,,var2824
path_test_2823,,,var2825
path_test_2824,,,var2826
path_test_2825,,,var2827
path_test_2826,,,var2828
path_test_2827,,,var2829
path_test_2828,,,var2830
path_test_2829,,,var2831
path_test_2830,,,var2832
path_test_2831,,,var2833
path_test_2832,,,var2834
path_test_2833,,,var2835
path_test_2834,,,var2836
path_test_2835,,,var2837
path_test_2836,,,var2838
path_test_2837,,,var2839
path_test_2838,,,var2840
path_test_2839,,,var2841
path_test_2840,,,var2842
path_test_2841,,,var2843
path_test_2842,,,var2844
path_test_2843,,,var2845
path_test_2844,,,var2846
path_test_2845,,,var2847
path_test_2846,,,var2848
path_test_2847,,,var2849
path_test_2848,,,var2850
path_test_2849,,,var2851
path_test_2850,,,var2852
path_test_2851,,,var2853
path_test_2852,,,var2854
path_test_2853,,,var2855
path_test_2854,,,var2856
path_test_2855,,,var2857
path_test_2856,,,var2858
path_test_2857,,,var2859
path_test_2858,,,var2860
path_test_2859,,,var2861
path_test_2860,,,var2862
path_test_2861,,,var2863
path_test_2862,,,var2864
path_test_2863,,,var2865
path_test_2864,,,var2866
path_test_2865,,,var2867
path_test_2866,,,var2868
path_test_2867,,,var2869
path_test_2868,,,var2870
path_test_2869,,,var2871
path_test_2870,,,var2872
path_test_2871,,,var2873
path_test_2872,,,var2874
path_test_2873,,,var2875
path_test_2874,,,var2876
path_test_2875,,,var2877
path_test_2876,,,var2878
path_test_2877,,,var2879
path_test_2878,,,var2880
path_test_2879,,,var2881
path_test_2880,,,var2882
path_test_2881,,,var2883
path_test_2882,,,var2884
path_test_2883,,,var2885
path_test_2884,,,var2886
path_test_2885,,,var2887
path_test_2886,,,var2888
path_test_2887,,,var2889
path_test_2888,,,var2890
path_test_2889,,,var2891
path_test_2890,,,var2892
path_test_2891,,,var2893
path_test_2892,,,var2894
path_test_2893,,,var2895
path_test_2894,,,var2896
path_test_2895,,,var2897
path_test_2896,,,var2898
path_test_2897,,,var2899
path_test_2898,,,var2900
path_test_2899,,,var2901
path_test_2900,,,var2902
path_test_2901,,,var2903
path_test_2902,,,var2904
path_test_2903,,,var2905
path_test_2904,,,var2906
path_test_2905,,,var2907
path_test_2906,,,var2908
path_test_2907,,,var2909
path_test_2908,,,var2910
path_test_2909,,,var2911
path_test_2910,,,var2912
path_test_2911,,,var2913
path_test_2912,,,var2914
path_test_2913,,,var2915
path_test_2914,,,var2916
path_test_2915,,,var2917
path_test_2916,,,var2918
path_test_2917,,,var2919
path_test_2918,,,var2920
path_test_2919,,,var2921
path_test_2920,,,var2922
path_test_2921,,,var2923
path_test_2922,,,var2924
path_test_2923,,,var2925
path_test_2924,,,var2926
path_test_2925,,,var2927
path_test_2926,,,var2928
path_test_2927,,,var2929
path_test_2928,,,var2930
path_test_2929,,,var2931
path_test_2930,,,var2932
path_test_2931,,,var2933
path_test_2932,,,var2934
path_test_2933,,,var2935
path_test_2934,,,var2936
path_test_2935,,,var2937
path_test_2936,,,var2938
path_test_2937,,,var2939
path_test_2938,,,var2940
path_test_2939,,,var2941
path_test_2940,,,var2942
path_test_2941,,,var2943
path_test_2942,,,var2944
path_test_2943,,,var2945
path_test_2944,,,var2946
path_test_2945,,,var2947
path_test_2946,,,var2948
path_test_2947,,,var2949
path_test_2948,,,var2950
path_test_2949,,,var2951
path_test_2950,,,var2952
path_test_2951,,,var2953
path_test_2952,,,var2954
path_test_2953,,,var2955
path_test_2954,,,var2956
path_test_2955,,,var2957
path_test_2956,,,var2958
path_test_2957,,,var2959
path_test_2958,,,var2960
path_test_2959,,,var2961
path_test_2960,,,var2962
path_test_2961,,,var2963
path_test_2962,,,var2964
path_test_2963,,,var2965
path_test_2964,,,var2966
path_test_2965,,,var2967
path_test_2966,,,var2968
path_test_2967,,,var2969
path_test_2968,,,var2970
path_test_2969,,,var2971
path_test_2970,,,var2972
path_test_2971,,,var2973
path_test_2972,,,var2974
path_test_2973,,,var2975
path_test_2974,,,var2976
path_test_2975,,,var2977
path_test_2976,,,var2978
path_test_2977,,,var2979
path_test_2978,,,var2980
path_test_2979,,,var2981
path_test_2980,,,var2982
path_test_2981,,,var2983
path_test_2982,,,var2984
path_test_2983,,,var2985
path_test_2984,,,var2986
path_test_2985,,,var2987
path_test_2986,,,var2988
path_test_2987,,,var2989
path_test_2988,,,var2990
path_test_2989,,,var2991
path_test_2990,,,var2992
path_test_2991,,,var2993
path_test_2992,,,var2994
path_test_2993,,AI,var2995
path_test_2994,,,var2996
path_test_2995,,,var2997
path_test_2996,,,var2998
path_test_2997,,,var2999
path_test_2998,,AI,var3000
path_test_2999,,AI,var3001
path_test_3000,,AI,var3002
